,date,time,bf_03,bf_04,bl_ce193,Anomaly
0,2018-03-06,00:00:00,8.004581604,1.466,,0
1,2018-03-06,00:05:00,7.055569206,1.67,,0
2,2018-03-06,00:10:00,10.15790639,,,0
3,2018-03-06,00:15:00,7.669649412,1.67,,0
4,2018-03-06,00:20:00,7.718203476,,,0
5,2018-03-06,00:25:00,7.549343091,,,0
6,2018-03-06,00:30:00,7.684690068,,,0
7,2018-03-06,00:35:00,8.193832677,,,0
8,2018-03-06,00:40:00,7.885328886,1.466,,0
9,2018-03-06,00:45:00,6.805631862,1.466,,0
10,2018-03-06,00:50:00,7.114173507,1.466,,0
11,2018-03-06,00:55:00,7.071657156,1.67,,0
12,2018-03-06,01:00:00,6.677325729,1.67,,0
13,2018-03-06,01:05:00,7.378785585,1.67,,0
14,2018-03-06,01:10:00,7.233533478,,,0
15,2018-03-06,01:15:00,7.632546183,1.466,,0
16,2018-03-06,01:20:00,7.785135657,,,0
17,2018-03-06,01:25:00,13.51690001,,,0
18,2018-03-06,01:30:00,9.641155131,1.89,,0
19,2018-03-06,01:35:00,8.37866745,1.67,,0
20,2018-03-06,01:40:00,9.323989083,1.67,,0
21,2018-03-06,01:45:00,7.89710148,1.67,,0
22,2018-03-06,01:50:00,7.62751791,2.123,,0
23,2018-03-06,01:55:00,6.783152895,2.123,,0
24,2018-03-06,02:00:00,7.990739658,1.67,,0
25,2018-03-06,02:05:00,8.02990593,1.67,,0
26,2018-03-06,02:10:00,7.206884262,1.89,,0
27,2018-03-06,02:15:00,7.36834419,1.89,,0
28,2018-03-06,02:20:00,7.306156377,1.89,,0
29,2018-03-06,02:25:00,7.612534035,,,0
30,2018-03-06,02:30:00,7.238662695,1.89,,0
31,2018-03-06,02:35:00,7.229590353,1.89,,0
32,2018-03-06,02:40:00,6.935281812,1.89,,0
33,2018-03-06,02:45:00,6.690896388,1.89,,0
34,2018-03-06,02:50:00,6.992952381,1.89,,0
35,2018-03-06,02:55:00,7.474991526,1.67,,0
36,2018-03-06,03:00:00,8.850782538,1.67,,0
37,2018-03-06,03:05:00,7.085858715,1.67,,0
38,2018-03-06,03:10:00,6.462769257,,,0
39,2018-03-06,03:15:00,6.057182574,1.89,,0
40,2018-03-06,03:20:00,6.789064428,,,0
41,2018-03-06,03:25:00,6.928751997,1.89,,0
42,2018-03-06,03:30:00,6.638802975,1.67,,0
43,2018-03-06,03:35:00,7.139308563,1.67,,0
44,2018-03-06,03:40:00,6.460573725,1.67,,0
45,2018-03-06,03:45:00,6.382108692,1.67,,0
46,2018-03-06,03:50:00,6.684536916,1.67,,0
47,2018-03-06,03:55:00,6.670865313,,,0
48,2018-03-06,04:00:00,7.121258514,1.466,,0
49,2018-03-06,04:05:00,6.739866846,,,0
50,2018-03-06,04:10:00,7.174752525,1.466,,0
51,2018-03-06,04:15:00,6.767840952,,,0
52,2018-03-06,04:20:00,8.009742366,1.466,,0
53,2018-03-06,04:25:00,7.35219315,2.371,,0
54,2018-03-06,04:30:00,9.940618125,2.371,,0
55,2018-03-06,04:35:00,7.724304279,2.123,,0
56,2018-03-06,04:40:00,8.439940458,2.123,,0
57,2018-03-06,04:45:00,9.011687274,2.123,,0
58,2018-03-06,04:50:00,9.885212487,,,0
59,2018-03-06,04:55:00,10.41073326,2.123,,0
60,2018-03-06,05:00:00,9.875137014,2.123,,0
61,2018-03-06,05:05:00,9.544375071,2.123,,0
62,2018-03-06,05:10:00,10.47646042,1.89,,0
63,2018-03-06,05:15:00,13.57091136,1.67,,0
64,2018-03-06,05:20:00,12.12615036,1.67,,0
65,2018-03-06,05:25:00,12.58332574,1.67,,0
66,2018-03-06,05:30:00,13.81771944,1.89,,0
67,2018-03-06,05:35:00,14.03139265,1.89,,0
68,2018-03-06,05:40:00,12.77910662,2.371,,0
69,2018-03-06,05:45:00,13.21230149,2.371,,0
70,2018-03-06,05:50:00,15.05437177,2.371,,0
71,2018-03-06,05:55:00,14.74391219,2.371,,0
72,2018-03-06,06:00:00,14.34346103,2.371,,0
73,2018-03-06,06:05:00,15.25311158,3.833,,0
74,2018-03-06,06:10:00,14.79456084,3.833,,0
75,2018-03-06,06:15:00,13.4213439,3.833,,0
76,2018-03-06,06:20:00,14.53866149,2.371,,0
77,2018-03-06,06:25:00,14.32057829,2.123,,0
78,2018-03-06,06:30:00,14.08061547,2.634,,0
79,2018-03-06,06:35:00,14.51604372,2.634,,0
80,2018-03-06,06:40:00,21.01388471,2.634,,0
81,2018-03-06,06:45:00,23.2370249,2.123,,0
82,2018-03-06,06:50:00,14.45675174,2.123,,0
83,2018-03-06,06:55:00,15.00926242,2.123,,0
84,2018-03-06,07:00:00,13.95097183,1.275,,0
85,2018-03-06,07:05:00,13.36468908,1.275,,0
86,2018-03-06,07:10:00,13.45671215,1.466,,0
87,2018-03-06,07:15:00,13.56221756,1.67,,0
88,2018-03-06,07:20:00,17.37052554,1.275,,0
89,2018-03-06,07:25:00,14.46733193,1.466,,0
90,2018-03-06,07:30:00,14.15381249,1.466,,0
91,2018-03-06,07:35:00,12.72879866,1.466,,0
92,2018-03-06,07:40:00,13.73804308,1.466,,0
93,2018-03-06,07:45:00,12.70696321,1.275,,0
94,2018-03-06,07:50:00,12.38771519,1.099,,0
95,2018-03-06,07:55:00,13.39938227,1.099,,0
96,2018-03-06,08:00:00,13.2702118,,,0
97,2018-03-06,08:05:00,13.44590483,1.099,,0
98,2018-03-06,08:10:00,12.80499876,1.275,,0
99,2018-03-06,08:15:00,13.05015388,1.275,,0
100,2018-03-06,08:20:00,11.7320776,1.275,,0
101,2018-03-06,08:25:00,11.90709557,1.275,,0
102,2018-03-06,08:30:00,13.58409086,1.466,,0
103,2018-03-06,08:35:00,13.11025973,1.89,,0
104,2018-03-06,08:40:00,11.33835815,1.89,,0
105,2018-03-06,08:45:00,11.0610776,1.89,,0
106,2018-03-06,08:50:00,13.8844245,1.67,,0
107,2018-03-06,08:55:00,12.01796363,1.67,,0
108,2018-03-06,09:00:00,11.63441428,2.123,,0
109,2018-03-06,09:05:00,11.35261018,2.371,,0
110,2018-03-06,09:10:00,13.57271573,2.371,,0
111,2018-03-06,09:15:00,13.81910742,2.371,,0
112,2018-03-06,09:20:00,10.3812513,2.123,,0
113,2018-03-06,09:25:00,9.744931872,,,0
114,2018-03-06,09:30:00,11.46117545,1.89,,0
115,2018-03-06,09:35:00,12.28992569,2.634,,0
116,2018-03-06,09:40:00,12.43488128,3.204,,0
117,2018-03-06,09:45:00,10.6706893,2.123,,0
118,2018-03-06,09:50:00,9.972440721,2.123,,0
119,2018-03-06,09:55:00,11.14166876,2.911,,0
120,2018-03-06,10:00:00,10.92703028,2.911,,0
121,2018-03-06,10:05:00,10.99292147,2.911,,0
122,2018-03-06,10:10:00,10.00401727,2.634,,0
123,2018-03-06,10:15:00,11.2570793,2.371,,0
124,2018-03-06,10:20:00,10.49702776,2.371,,0
125,2018-03-06,10:25:00,12.15499511,2.123,,0
126,2018-03-06,10:30:00,10.877839,2.123,,0
127,2018-03-06,10:35:00,11.59659814,2.371,,0
128,2018-03-06,10:40:00,11.57581629,2.634,,0
129,2018-03-06,10:45:00,11.54109155,2.911,,0
130,2018-03-06,10:50:00,11.7628529,2.634,,0
131,2018-03-06,10:55:00,12.31207659,2.634,,0
132,2018-03-06,11:00:00,12.11767737,4.891,,0
133,2018-03-06,11:05:00,10.64554162,,,0
134,2018-03-06,11:10:00,10.27334217,3.204,,0
135,2018-03-06,11:15:00,10.70608279,2.911,,0
136,2018-03-06,11:20:00,11.15502492,2.371,,0
137,2018-03-06,11:25:00,10.01711475,2.371,,0
138,2018-03-06,11:30:00,11.84378476,2.371,,0
139,2018-03-06,11:35:00,10.45198781,2.371,,0
140,2018-03-06,11:40:00,12.32285236,2.371,,0
141,2018-03-06,11:45:00,12.59032873,2.371,,0
142,2018-03-06,11:50:00,11.72807139,2.371,,0
143,2018-03-06,11:55:00,14.73902271,2.371,,0
144,2018-03-06,12:00:00,11.95267179,3.511,,0
145,2018-03-06,12:05:00,11.92322768,3.511,,0
146,2018-03-06,12:10:00,12.10482594,,,0
147,2018-03-06,12:15:00,11.98430511,2.911,,0
148,2018-03-06,12:20:00,13.36856911,2.634,,0
149,2018-03-06,12:25:00,12.88622083,2.911,,0
150,2018-03-06,12:30:00,11.90368871,3.204,,0
151,2018-03-06,12:35:00,11.17952276,2.634,,0
152,2018-03-06,12:40:00,12.13251614,2.123,,0
153,2018-03-06,12:45:00,10.32564378,2.123,,0
154,2018-03-06,12:50:00,11.96584498,2.123,,0
155,2018-03-06,12:55:00,10.93393232,2.123,,0
156,2018-03-06,13:00:00,11.46233631,2.123,,0
157,2018-03-06,13:05:00,10.46400646,2.123,,0
158,2018-03-06,13:10:00,10.02095062,2.123,,0
159,2018-03-06,13:15:00,14.29961979,,,0
160,2018-03-06,13:20:00,11.2184556,1.466,,0
161,2018-03-06,13:25:00,9.457897608,1.466,,0
162,2018-03-06,13:30:00,13.01126521,1.67,,0
163,2018-03-06,13:35:00,10.52645925,1.67,,0
164,2018-03-06,13:40:00,9.662933799,1.67,,0
165,2018-03-06,13:45:00,10.21294611,1.67,,0
166,2018-03-06,13:50:00,11.00569089,,,0
167,2018-03-06,13:55:00,9.617149386,1.67,,0
168,2018-03-06,14:00:00,10.98290278,1.67,,0
169,2018-03-06,14:05:00,9.973260891,1.67,,0
170,2018-03-06,14:10:00,10.53100804,1.67,,0
171,2018-03-06,14:15:00,10.60843839,1.67,,0
172,2018-03-06,14:20:00,10.47738785,,,0
173,2018-03-06,14:25:00,11.14243215,1.67,,0
174,2018-03-06,14:30:00,10.38144057,1.67,,0
175,2018-03-06,14:35:00,9.377274897,2.123,,0
176,2018-03-06,14:40:00,13.45004985,2.123,,0
177,2018-03-06,14:45:00,10.68189408,1.89,,0
178,2018-03-06,14:50:00,10.48043509,1.89,,0
179,2018-03-06,14:55:00,10.08099968,1.89,,0
180,2018-03-06,15:00:00,10.18340106,,,0
181,2018-03-06,15:05:00,10.32387095,2.123,,0
182,2018-03-06,15:10:00,10.46708525,2.371,,0
183,2018-03-06,15:15:00,11.84919788,2.123,,0
184,2018-03-06,15:20:00,10.16159085,2.123,,0
185,2018-03-06,15:25:00,10.36897399,2.634,,0
186,2018-03-06,15:30:00,9.729399114,2.634,,0
187,2018-03-06,15:35:00,9.099243576,2.634,,0
188,2018-03-06,15:40:00,10.64715673,2.634,,0
189,2018-03-06,15:45:00,9.836507007,1.89,,0
190,2018-03-06,15:50:00,10.23700233,,,0
191,2018-03-06,15:55:00,11.29858621,,,0
192,2018-03-06,16:00:00,9.514785861,2.123,,0
193,2018-03-06,16:05:00,12.5603042,2.123,,0
194,2018-03-06,16:10:00,10.56472333,,,0
195,2018-03-06,16:15:00,9.836507007,1.67,,0
196,2018-03-06,16:20:00,9.911256039,1.67,,0
197,2018-03-06,16:25:00,12.07820196,1.67,,0
198,2018-03-06,16:30:00,10.77499599,1.67,,0
199,2018-03-06,16:35:00,12.21948571,1.89,,0
200,2018-03-06,16:40:00,11.12668489,1.89,,0
201,2018-03-06,16:45:00,10.61358023,2.123,,0
202,2018-03-06,16:50:00,9.973065312,2.123,,0
203,2018-03-06,16:55:00,11.56767768,2.123,,0
204,2018-03-06,17:00:00,11.60914043,2.371,,0
205,2018-03-06,17:05:00,12.60422114,2.634,,0
206,2018-03-06,17:10:00,15.5518932,,,0
207,2018-03-06,17:15:00,12.39373398,2.634,,0
208,2018-03-06,17:20:00,11.56767768,3.511,,0
209,2018-03-06,17:25:00,13.2197398,3.511,1.51362054,0
210,2018-03-06,17:30:00,13.33802724,2.911,1.51362054,0
211,2018-03-06,17:35:00,12.70606733,2.911,,0
212,2018-03-06,17:40:00,11.61446522,2.911,,0
213,2018-03-06,17:45:00,12.8388844,2.911,,0
214,2018-03-06,17:50:00,14.64158651,3.511,,0
215,2018-03-06,17:55:00,16.04113091,3.833,1.51362054,0
216,2018-03-06,18:00:00,14.30389098,3.833,1.51362054,0
217,2018-03-06,18:05:00,15.21304312,3.833,,0
218,2018-03-06,18:10:00,14.21505395,4.523,1.51362054,0
219,2018-03-06,18:15:00,12.6966543,4.523,1.51362054,0
220,2018-03-06,18:20:00,11.33375258,4.171,1.51362054,0
221,2018-03-06,18:25:00,12.5603042,4.171,,0
222,2018-03-06,18:30:00,13.96842252,3.204,1.51362054,0
223,2018-03-06,18:35:00,14.02645901,2.911,,0
224,2018-03-06,18:40:00,13.49611186,3.204,1.51362054,0
225,2018-03-06,18:45:00,17.58217356,3.511,,0
226,2018-03-06,18:50:00,13.24012418,3.511,1.51362054,0
227,2018-03-06,18:55:00,12.37975954,4.171,,0
228,2018-03-06,19:00:00,13.46260476,4.171,1.51362054,0
229,2018-03-06,19:05:00,12.59538854,3.204,1.51362054,0
230,2018-03-06,19:10:00,13.84838749,2.911,,0
231,2018-03-06,19:15:00,13.46071837,3.511,,0
232,2018-03-06,19:20:00,13.56600927,3.511,,0
233,2018-03-06,19:25:00,12.87596239,3.511,,0
234,2018-03-06,19:30:00,11.82178527,3.511,1.51362054,0
235,2018-03-06,19:35:00,12.30392536,3.511,1.51362054,0
236,2018-03-06,19:40:00,13.62234233,,1.51362054,0
237,2018-03-06,19:45:00,13.05636194,4.523,1.51362054,0
238,2018-03-06,19:50:00,12.54885967,4.523,1.51362054,0
239,2018-03-06,19:55:00,12.55709291,4.523,1.51362054,0
240,2018-03-06,20:00:00,13.49442735,4.523,1.51362054,0
241,2018-03-06,20:05:00,12.79389492,4.523,1.51362054,0
242,2018-03-06,20:10:00,11.78246128,4.523,1.51362054,0
243,2018-03-06,20:15:00,11.34729169,3.833,,0
244,2018-03-06,20:20:00,11.98668992,3.833,1.51362054,0
245,2018-03-06,20:25:00,10.53225722,3.833,,0
246,2018-03-06,20:30:00,11.3306801,3.204,,0
247,2018-03-06,20:35:00,12.22503132,,1.51362054,0
248,2018-03-06,20:40:00,10.94347784,3.204,1.51362054,0
249,2018-03-06,20:45:00,13.51963812,3.204,1.51362054,0
250,2018-03-06,20:50:00,13.70667473,3.204,1.51362054,0
251,2018-03-06,20:55:00,11.25453047,3.511,,0
252,2018-03-06,21:00:00,12.08351414,3.511,1.51362054,0
253,2018-03-06,21:05:00,14.02350009,3.511,,0
254,2018-03-06,21:10:00,13.06735853,3.204,1.51362054,0
255,2018-03-06,21:15:00,10.8412468,3.204,1.51362054,0
256,2018-03-06,21:20:00,10.4678928,3.511,1.51362054,0
257,2018-03-06,21:25:00,11.35554386,3.204,1.51362054,0
258,2018-03-06,21:30:00,11.63095695,2.911,1.51362054,0
259,2018-03-06,21:35:00,11.4785252,2.911,1.51362054,0
260,2018-03-06,21:40:00,12.21187705,3.204,1.51362054,0
261,2018-03-06,21:45:00,11.53034733,3.204,1.51362054,0
262,2018-03-06,21:50:00,11.41310718,,1.51362054,0
263,2018-03-06,21:55:00,11.59957598,3.204,,0
264,2018-03-06,22:00:00,12.41254742,3.204,1.51362054,0
265,2018-03-06,22:05:00,13.3869977,3.204,,0
266,2018-03-06,22:10:00,13.37725661,3.204,,0
267,2018-03-06,22:15:00,11.70407826,3.204,1.51362054,0
268,2018-03-06,22:20:00,12.02697919,3.204,1.51362054,0
269,2018-03-06,22:25:00,11.50979261,2.911,1.51362054,0
270,2018-03-06,22:30:00,11.83315409,2.911,1.51362054,0
271,2018-03-06,22:35:00,11.13106964,3.204,1.51362054,0
272,2018-03-06,22:40:00,13.72505916,2.634,,0
273,2018-03-06,22:45:00,17.08625462,2.634,1.51362054,0
274,2018-03-06,22:50:00,11.57581629,2.634,1.51362054,0
275,2018-03-06,22:55:00,10.50100874,2.634,1.51362054,0
276,2018-03-06,23:00:00,10.58530329,2.371,1.51362054,0
277,2018-03-06,23:05:00,9.74096982,2.371,,0
278,2018-03-06,23:10:00,9.075420792,,,0
279,2018-03-06,23:15:00,8.75279115,0.0,1.51362054,0
280,2018-03-06,23:20:00,7.811059338,2.371,,0
281,2018-03-06,23:25:00,7.907372532,,1.51362054,0
282,2018-03-06,23:30:00,7.905896226,,1.51362054,0
283,2018-03-06,23:35:00,9.775372797,2.123,,0
284,2018-03-06,23:40:00,10.2866163,2.123,1.51362054,0
285,2018-03-06,23:45:00,10.97642975,2.371,1.51362054,0
286,2018-03-06,23:50:00,11.1504572,2.371,1.51362054,0
287,2018-03-06,23:55:00,10.6669733,2.911,,0
288,2018-03-07,00:00:00,9.822538881,2.911,1.51362054,0
289,2018-03-07,00:05:00,9.467802738,,1.51362054,0
290,2018-03-07,00:10:00,10.28476777,2.371,1.51362054,0
291,2018-03-07,00:15:00,13.32662688,2.371,1.51362054,0
292,2018-03-07,00:20:00,9.468768015,,1.51362054,0
293,2018-03-07,00:25:00,8.218917261,,,0
294,2018-03-07,00:30:00,7.821601677,2.123,1.51362054,0
295,2018-03-07,00:35:00,8.02530036,1.67,1.51362054,0
296,2018-03-07,00:40:00,7.55180991,,1.51362054,0
297,2018-03-07,00:45:00,7.265356074,1.89,1.51362054,0
298,2018-03-07,00:50:00,7.189073955,1.89,1.51362054,0
299,2018-03-07,00:55:00,7.028068275,,1.51362054,0
300,2018-03-07,01:00:00,8.7455358,1.67,1.51362054,0
301,2018-03-07,01:05:00,9.25877295,,1.51362054,0
302,2018-03-07,01:10:00,7.528176396,1.89,1.51362054,0
303,2018-03-07,01:15:00,7.283431359,2.371,1.51362054,0
304,2018-03-07,01:20:00,7.117466805,2.371,1.51362054,0
305,2018-03-07,01:25:00,6.939262791,2.123,1.51362054,0
306,2018-03-07,01:30:00,7.37118324,2.123,1.51362054,0
307,2018-03-07,01:35:00,7.331341905,2.123,1.51362054,0
308,2018-03-07,01:40:00,7.638230592,1.89,1.51362054,0
309,2018-03-07,01:45:00,7.8748938,,,0
310,2018-03-07,01:50:00,10.92227329,1.89,1.51362054,0
311,2018-03-07,01:55:00,10.8720915,1.89,1.51362054,0
312,2018-03-07,02:00:00,7.326805734,,1.51362054,0
313,2018-03-07,02:05:00,7.139308563,2.123,1.51362054,0
314,2018-03-07,02:10:00,7.903132884,2.123,1.51362054,0
315,2018-03-07,02:15:00,6.774011154,,1.51362054,0
316,2018-03-07,02:20:00,6.875914122,1.67,1.51362054,0
317,2018-03-07,02:25:00,7.249697136,1.67,1.51362054,0
318,2018-03-07,02:30:00,7.127252064,1.67,1.51362054,0
319,2018-03-07,02:35:00,7.250883228,1.89,1.51362054,0
320,2018-03-07,02:40:00,6.897206997,,,0
321,2018-03-07,02:45:00,6.234888177,,,0
322,2018-03-07,02:50:00,6.691287546,1.89,1.51362054,0
323,2018-03-07,02:55:00,6.777985824,,1.51362054,0
324,2018-03-07,03:00:00,6.266559357,,1.51362054,0
325,2018-03-07,03:05:00,6.354746559,,1.51362054,0
326,2018-03-07,03:10:00,7.264403415,1.89,1.51362054,0
327,2018-03-07,03:15:00,6.889333365,1.89,1.51362054,0
328,2018-03-07,03:20:00,6.301454436,,,0
329,2018-03-07,03:25:00,6.823088865,,1.51362054,0
330,2018-03-07,03:30:00,12.06625271,1.89,1.51362054,0
331,2018-03-07,03:35:00,6.594911262,1.89,1.51362054,0
332,2018-03-07,03:40:00,6.69473226,1.89,1.51362054,0
333,2018-03-07,03:45:00,6.889333365,1.89,,0
334,2018-03-07,03:50:00,7.58127294,,1.51362054,0
335,2018-03-07,03:55:00,7.191023436,1.67,1.51362054,0
336,2018-03-07,04:00:00,8.272341873,1.67,1.51362054,0
337,2018-03-07,04:05:00,7.624382337,2.123,1.51362054,0
338,2018-03-07,04:10:00,7.51017051,,1.51362054,0
339,2018-03-07,04:15:00,7.030661274,2.123,1.51362054,0
340,2018-03-07,04:20:00,6.969659553,,,0
341,2018-03-07,04:25:00,7.667018559,2.123,,0
342,2018-03-07,04:30:00,7.0730199,2.371,1.51362054,0
343,2018-03-07,04:35:00,9.385407198,2.371,,0
344,2018-03-07,04:40:00,9.988389873,2.123,1.51362054,0
345,2018-03-07,04:45:00,8.400099123,2.123,,0
346,2018-03-07,04:50:00,8.238191256,,1.51362054,0
347,2018-03-07,04:55:00,8.5846563,2.371,,0
348,2018-03-07,05:00:00,9.297560682,2.371,1.51362054,0
349,2018-03-07,05:05:00,12.55073344,2.371,1.51362054,0
350,2018-03-07,05:10:00,11.13890542,2.634,,0
351,2018-03-07,05:15:00,10.39212171,2.634,,0
352,2018-03-07,05:20:00,12.75142904,2.634,,0
353,2018-03-07,05:25:00,11.84799286,2.634,1.51362054,0
354,2018-03-07,05:30:00,13.33781905,3.204,,0
355,2018-03-07,05:35:00,14.65785112,3.204,1.51362054,0
356,2018-03-07,05:40:00,12.87900964,4.171,1.51362054,0
357,2018-03-07,05:45:00,14.25869961,4.523,,0
358,2018-03-07,05:50:00,14.65958609,4.523,1.51362054,0
359,2018-03-07,05:55:00,20.09429118,5.673,1.51362054,0
360,2018-03-07,06:00:00,25.53092051,6.087,,0
361,2018-03-07,06:05:00,27.51036296,8.389,1.51362054,0
362,2018-03-07,06:10:00,29.35025032,8.897,1.51362054,0
363,2018-03-07,06:15:00,31.60387559,8.897,,0
364,2018-03-07,06:20:00,33.39235091,12.893,1.51362054,0
365,2018-03-07,06:25:00,35.6099581,12.893,,0
366,2018-03-07,06:30:00,37.68999755,12.893,,0
367,2018-03-07,06:35:00,38.77478593,13.528,1.51362054,0
368,2018-03-07,06:40:00,36.54572791,13.528,1.51362054,0
369,2018-03-07,06:45:00,27.8272451,12.275,1.51362054,0
370,2018-03-07,06:50:00,24.77267966,11.672,1.51362054,0
371,2018-03-07,06:55:00,22.18913785,9.42,1.51362054,0
372,2018-03-07,07:00:00,19.56278948,8.897,1.51362054,0
373,2018-03-07,07:05:00,18.32567659,6.961,1.51362054,0
374,2018-03-07,07:10:00,17.85170666,6.961,1.51362054,0
375,2018-03-07,07:15:00,16.31308036,6.961,1.51362054,0
376,2018-03-07,07:20:00,15.73510656,6.961,1.51362054,0
377,2018-03-07,07:25:00,14.80595489,6.516,1.51362054,0
378,2018-03-07,07:30:00,15.01176709,5.274,1.51362054,0
379,2018-03-07,07:35:00,15.58062438,5.274,,0
380,2018-03-07,07:40:00,13.85169971,4.891,1.51362054,0
381,2018-03-07,07:45:00,13.38396938,4.891,1.51362054,0
382,2018-03-07,07:50:00,14.18504204,6.087,1.51362054,0
383,2018-03-07,07:55:00,15.01553356,6.087,,0
384,2018-03-07,08:00:00,14.81632058,6.087,,0
385,2018-03-07,08:05:00,15.44257715,7.421,1.51362054,0
386,2018-03-07,08:10:00,13.88543394,7.421,1.51362054,0
387,2018-03-07,08:15:00,17.64551592,5.673,,0
388,2018-03-07,08:20:00,13.05158603,5.673,,0
389,2018-03-07,08:25:00,13.31145374,6.516,,0
390,2018-03-07,08:30:00,14.68406501,0.0,1.51362054,0
391,2018-03-07,08:35:00,12.23499954,6.087,,0
392,2018-03-07,08:40:00,13.29393995,6.087,,0
393,2018-03-07,08:45:00,13.36282792,5.673,1.51362054,0
394,2018-03-07,08:50:00,14.59994081,5.673,,0
395,2018-03-07,08:55:00,12.81504269,5.673,1.51362054,0
396,2018-03-07,09:00:00,14.47786796,5.673,,0
397,2018-03-07,09:05:00,12.00545919,5.673,,0
398,2018-03-07,09:10:00,14.64877247,5.673,,0
399,2018-03-07,09:15:00,11.74600787,5.673,1.51362054,0
400,2018-03-07,09:20:00,13.37506107,5.673,,0
401,2018-03-07,09:25:00,12.19026242,4.891,1.51362054,0
402,2018-03-07,09:30:00,14.99966012,4.523,1.51362054,0
403,2018-03-07,09:35:00,12.71352457,4.523,1.51362054,0
404,2018-03-07,09:40:00,15.63632024,5.274,,0
405,2018-03-07,09:45:00,15.78215908,5.274,,0
406,2018-03-07,09:50:00,11.50500407,5.274,1.51362054,0
407,2018-03-07,09:55:00,11.52629064,5.274,1.51362054,0
408,2018-03-07,10:00:00,11.42387033,5.274,1.51362054,0
409,2018-03-07,10:05:00,12.80499876,,1.51362054,0
410,2018-03-07,10:10:00,11.86717853,4.171,1.51362054,0
411,2018-03-07,10:15:00,14.0578526,4.171,,0
412,2018-03-07,10:20:00,13.08769874,4.171,1.51362054,0
413,2018-03-07,10:25:00,12.76062756,4.523,,0
414,2018-03-07,10:30:00,13.43561486,4.523,,0
415,2018-03-07,10:35:00,13.81023697,4.523,1.51362054,0
416,2018-03-07,10:40:00,13.12327519,4.523,1.51362054,0
417,2018-03-07,10:45:00,12.51496141,4.523,1.51362054,0
418,2018-03-07,10:50:00,11.52388691,4.891,1.51362054,0
419,2018-03-07,10:55:00,12.82951553,4.891,1.51362054,0
420,2018-03-07,11:00:00,12.48084234,,1.51362054,0
421,2018-03-07,11:05:00,11.32740572,4.891,,0
422,2018-03-07,11:10:00,10.65013457,5.673,,0
423,2018-03-07,11:15:00,12.88649842,5.673,,0
424,2018-03-07,11:20:00,12.51562386,4.891,1.51362054,0
425,2018-03-07,11:25:00,11.64400396,4.891,1.51362054,0
426,2018-03-07,11:30:00,12.19358726,5.274,1.51362054,0
427,2018-03-07,11:35:00,11.44335884,2.911,,0
428,2018-03-07,11:40:00,12.21809142,,1.51362054,0
429,2018-03-07,11:45:00,12.06432847,2.371,1.51362054,0
430,2018-03-07,11:50:00,11.53731877,2.371,,0
431,2018-03-07,11:55:00,12.77436226,3.204,1.51362054,0
432,2018-03-07,12:00:00,13.41258701,3.204,1.51362054,0
433,2018-03-07,12:05:00,14.2406748,3.204,1.51362054,0
434,2018-03-07,12:10:00,12.97692532,2.911,,0
435,2018-03-07,12:15:00,11.99505565,2.911,1.51362054,0
436,2018-03-07,12:20:00,12.06885202,2.911,,0
437,2018-03-07,12:25:00,13.10396334,2.911,1.51362054,0
438,2018-03-07,12:30:00,14.33855894,2.911,,0
439,2018-03-07,12:35:00,12.50589538,2.911,,0
440,2018-03-07,12:40:00,11.44731458,2.911,,0
441,2018-03-07,12:45:00,12.38291404,2.911,1.51362054,0
442,2018-03-07,12:50:00,13.330917,2.634,,0
443,2018-03-07,12:55:00,12.04752129,2.634,,0
444,2018-03-07,13:00:00,11.32709658,2.634,,0
445,2018-03-07,13:05:00,12.09543815,1.89,1.51362054,0
446,2018-03-07,13:10:00,11.73766738,1.89,1.51362054,0
447,2018-03-07,13:15:00,10.03141725,,1.51362054,0
448,2018-03-07,13:20:00,10.92509341,2.123,1.51362054,0
449,2018-03-07,13:25:00,11.4061799,2.123,,0
450,2018-03-07,13:30:00,11.26954589,,1.51362054,0
451,2018-03-07,13:35:00,10.85896247,2.123,,0
452,2018-03-07,13:40:00,12.3810592,2.123,1.51362054,0
453,2018-03-07,13:45:00,9.978806502,2.123,,0
454,2018-03-07,13:50:00,12.42496353,,1.51362054,0
455,2018-03-07,13:55:00,12.95185335,1.89,,0
456,2018-03-07,14:00:00,10.60727123,1.89,1.51362054,0
457,2018-03-07,14:05:00,10.35959882,2.123,,0
458,2018-03-07,14:10:00,13.19088244,2.123,1.51362054,0
459,2018-03-07,14:15:00,10.40984369,2.123,1.51362054,0
460,2018-03-07,14:20:00,8.447359842,2.123,,0
461,2018-03-07,14:25:00,8.950218687,2.123,,0
462,2018-03-07,14:30:00,9.857402415,2.123,1.51362054,0
463,2018-03-07,14:35:00,11.1497569,2.123,1.51362054,0
464,2018-03-07,14:40:00,12.17379593,2.123,,0
465,2018-03-07,14:45:00,12.43654054,2.123,1.51362054,0
466,2018-03-07,14:50:00,13.39998793,2.123,,0
467,2018-03-07,14:55:00,12.29325053,2.123,,0
468,2018-03-07,15:00:00,11.46783145,2.123,1.51362054,0
469,2018-03-07,15:05:00,11.46089786,2.123,,0
470,2018-03-07,15:10:00,10.96908607,2.123,1.51362054,0
471,2018-03-07,15:15:00,10.1454335,2.123,1.51362054,0
472,2018-03-07,15:20:00,10.71307316,2.123,1.51362054,0
473,2018-03-07,15:25:00,10.98468823,1.89,1.51362054,0
474,2018-03-07,15:30:00,12.65813786,1.89,,0
475,2018-03-07,15:35:00,10.16775474,1.89,1.51362054,0
476,2018-03-07,15:40:00,10.10840598,2.123,1.51362054,0
477,2018-03-07,15:45:00,11.50234799,,,0
478,2018-03-07,15:50:00,10.32123379,2.123,,0
479,2018-03-07,15:55:00,11.44016648,2.371,1.51362054,0
480,2018-03-07,16:00:00,11.61967646,,,0
481,2018-03-07,16:05:00,10.72695296,1.89,1.51362054,0
482,2018-03-07,16:10:00,10.62507523,,1.51362054,0
483,2018-03-07,16:15:00,10.99920524,1.89,1.51362054,0
484,2018-03-07,16:20:00,10.16394411,2.123,,0
485,2018-03-07,16:25:00,10.98468823,,,0
486,2018-03-07,16:30:00,11.04427673,2.123,,0
487,2018-03-07,16:35:00,12.27547808,2.123,,0
488,2018-03-07,16:40:00,12.73756186,2.123,1.51362054,0
489,2018-03-07,16:45:00,11.98378147,2.371,1.51362054,0
490,2018-03-07,16:50:00,11.90961286,2.634,1.51362054,0
491,2018-03-07,16:55:00,11.36795998,2.911,1.51362054,0
492,2018-03-07,17:00:00,11.9129314,2.634,1.51362054,0
493,2018-03-07,17:05:00,12.28327601,2.634,1.51362054,0
494,2018-03-07,17:10:00,13.3663862,2.634,1.51362054,0
495,2018-03-07,17:15:00,16.01711886,2.634,1.51362054,0
496,2018-03-07,17:20:00,15.19300573,2.634,,0
497,2018-03-07,17:25:00,14.83760714,6.516,,0
498,2018-03-07,17:30:00,13.92639197,7.897,,0
499,2018-03-07,17:35:00,20.65806342,6.961,1.51362054,0
500,2018-03-07,17:40:00,45.49925882,6.516,1.51362054,0
501,2018-03-07,17:45:00,36.96735838,8.389,1.51362054,0
502,2018-03-07,17:50:00,28.40200131,9.42,,0
503,2018-03-07,17:55:00,24.65934478,8.897,,0
504,2018-03-07,18:00:00,21.81143064,6.961,1.51362054,0
505,2018-03-07,18:05:00,19.91609348,6.087,1.51362054,0
506,2018-03-07,18:10:00,18.14949146,6.087,,0
507,2018-03-07,18:15:00,17.29702569,6.087,1.51362054,0
508,2018-03-07,18:20:00,16.24390217,6.087,1.51362054,0
509,2018-03-07,18:25:00,17.7248516,5.673,1.51362054,0
510,2018-03-07,18:30:00,15.29807582,4.171,1.51362054,0
511,2018-03-07,18:35:00,14.86055929,4.171,1.51362054,0
512,2018-03-07,18:40:00,13.96546991,4.171,,0
513,2018-03-07,18:45:00,15.01041696,4.171,1.51362054,0
514,2018-03-07,18:50:00,15.46187639,4.171,1.51362054,0
515,2018-03-07,18:55:00,17.62887909,4.523,1.51362054,0
516,2018-03-07,19:00:00,14.94581911,5.673,,0
517,2018-03-07,19:05:00,15.04632148,4.523,1.51362054,0
518,2018-03-07,19:10:00,12.97570768,4.523,1.51362054,0
519,2018-03-07,19:15:00,14.98588757,4.523,,0
520,2018-03-07,19:20:00,13.83078538,4.523,1.51362054,0
521,2018-03-07,19:25:00,13.78650251,4.523,1.51362054,0
522,2018-03-07,19:30:00,13.97563371,4.523,1.51362054,0
523,2018-03-07,19:35:00,14.59560652,6.087,1.51362054,0
524,2018-03-07,19:40:00,22.54316108,6.087,1.51362054,0
525,2018-03-07,19:45:00,37.46558011,6.087,,0
526,2018-03-07,19:50:00,35.21195483,8.897,,0
527,2018-03-07,19:55:00,28.25286917,9.42,,0
528,2018-03-07,20:00:00,22.07187247,9.959,1.51362054,0
529,2018-03-07,20:05:00,19.8094209,9.42,1.51362054,0
530,2018-03-07,20:10:00,18.69718837,8.897,1.51362054,0
531,2018-03-07,20:15:00,18.19648089,8.389,,0
532,2018-03-07,20:20:00,15.06734938,8.389,1.51362054,0
533,2018-03-07,20:25:00,19.05868776,7.897,1.51362054,0
534,2018-03-07,20:30:00,14.39898654,6.961,1.51362054,0
535,2018-03-07,20:35:00,13.65326274,6.961,1.51362054,0
536,2018-03-07,20:40:00,12.80233636,6.961,,0
537,2018-03-07,20:45:00,13.93381135,6.516,1.51362054,0
538,2018-03-07,20:50:00,13.14222743,4.523,,0
539,2018-03-07,20:55:00,13.37342704,4.523,,0
540,2018-03-07,21:00:00,13.40597517,4.523,1.51362054,0
541,2018-03-07,21:05:00,13.51183388,4.523,1.51362054,0
542,2018-03-07,21:10:00,13.96846038,3.833,,0
543,2018-03-07,21:15:00,13.03771884,3.833,1.51362054,0
544,2018-03-07,21:20:00,12.23011637,3.833,1.51362054,0
545,2018-03-07,21:25:00,13.49568915,4.891,,0
546,2018-03-07,21:30:00,12.07939436,4.523,,0
547,2018-03-07,21:35:00,13.02428698,4.523,1.51362054,0
548,2018-03-07,21:40:00,12.6878911,3.511,1.51362054,0
549,2018-03-07,21:45:00,11.23395051,3.511,1.51362054,0
550,2018-03-07,21:50:00,15.68395319,3.833,1.51362054,0
551,2018-03-07,21:55:00,11.9144771,3.833,1.51362054,0
552,2018-03-07,22:00:00,11.02029622,4.171,1.51362054,0
553,2018-03-07,22:05:00,12.07692754,3.833,,0
554,2018-03-07,22:10:00,11.57360183,3.833,1.51362054,0
555,2018-03-07,22:15:00,9.963557649,3.511,1.51362054,0
556,2018-03-07,22:20:00,10.98501629,,1.51362054,0
557,2018-03-07,22:25:00,11.51465684,2.911,1.51362054,0
558,2018-03-07,22:30:00,10.11611558,,,0
559,2018-03-07,22:35:00,9.003649608,,,0
560,2018-03-07,22:40:00,9.278065872,2.911,1.51362054,0
561,2018-03-07,22:45:00,9.451096506,,1.51362054,0
562,2018-03-07,22:50:00,10.11611558,3.204,1.51362054,0
563,2018-03-07,22:55:00,9.341446086,3.204,,0
564,2018-03-07,23:00:00,9.151469478,3.511,,0
565,2018-03-07,23:05:00,10.11363614,3.511,1.51362054,0
566,2018-03-07,23:10:00,9.959482035,3.204,1.51362054,0
567,2018-03-07,23:15:00,8.731094499,3.204,1.51362054,0
568,2018-03-07,23:20:00,8.560480212,2.911,,0
569,2018-03-07,23:25:00,8.911512972,,1.51362054,0
570,2018-03-07,23:30:00,10.48015119,,1.51362054,0
571,2018-03-07,23:35:00,8.412780213,2.911,,0
572,2018-03-07,23:40:00,7.991458884,2.911,1.51362054,0
573,2018-03-07,23:45:00,8.776992474,2.911,1.51362054,0
574,2018-03-07,23:50:00,7.926728544,2.911,1.51362054,0
575,2018-03-07,23:55:00,7.801034337,2.911,1.51362054,0
576,2018-03-08,00:00:00,7.222745088,2.634,,0
577,2018-03-08,00:05:00,7.364502009,2.634,,0
578,2018-03-08,00:10:00,7.54083225,2.371,,0
579,2018-03-08,00:15:00,7.101107568,2.371,1.51362054,0
580,2018-03-08,00:20:00,7.575620076,2.371,,0
581,2018-03-08,00:25:00,8.095241934,2.911,,0
582,2018-03-08,00:30:00,10.89144752,3.204,1.51362054,0
583,2018-03-08,00:35:00,13.55310736,4.891,,0
584,2018-03-08,00:40:00,41.94866087,5.274,,0
585,2018-03-08,00:45:00,44.36321612,5.673,1.51362054,0
586,2018-03-08,00:50:00,37.02526238,16.228,1.51362054,0
587,2018-03-08,00:55:00,54.65370614,16.944,,0
588,2018-03-08,01:00:00,53.20065512,16.228,1.51362054,0
589,2018-03-08,01:05:00,58.37048946,16.228,1.51362054,0
590,2018-03-08,01:10:00,56.45052196,16.228,1.51362054,0
591,2018-03-08,01:15:00,52.8164938,16.228,1.51362054,0
592,2018-03-08,01:20:00,42.90143974,16.228,1.51362054,0
593,2018-03-08,01:25:00,21.28652184,15.529,1.51362054,0
594,2018-03-08,01:30:00,18.65467202,8.389,,0
595,2018-03-08,01:35:00,15.71632466,7.421,1.51362054,0
596,2018-03-08,01:40:00,14.05006098,5.274,,0
597,2018-03-08,01:45:00,13.20631425,5.274,1.51362054,0
598,2018-03-08,01:50:00,13.75297648,4.891,1.51362054,0
599,2018-03-08,01:55:00,16.30059485,4.891,,0
600,2018-03-08,02:00:00,19.70108276,4.891,1.51362054,0
601,2018-03-08,02:05:00,18.22518053,6.087,,0
602,2018-03-08,02:10:00,16.41792332,6.516,1.51362054,0
603,2018-03-08,02:15:00,13.69196845,6.516,1.51362054,0
604,2018-03-08,02:20:00,13.48381562,6.087,1.51362054,0
605,2018-03-08,02:25:00,13.37899158,4.523,1.51362054,0
606,2018-03-08,02:30:00,12.75246372,4.171,,0
607,2018-03-08,02:35:00,11.74106162,,,0
608,2018-03-08,02:40:00,14.01188522,4.171,1.51362054,0
609,2018-03-08,02:45:00,11.03344418,4.171,1.51362054,0
610,2018-03-08,02:50:00,11.16140332,4.171,1.51362054,0
611,2018-03-08,02:55:00,11.88140532,,1.51362054,0
612,2018-03-08,03:00:00,10.06058376,3.833,1.51362054,0
613,2018-03-08,03:05:00,11.31746905,3.833,1.51362054,0
614,2018-03-08,03:10:00,9.129905316,,1.51362054,0
615,2018-03-08,03:15:00,8.689518189,3.511,1.51362054,0
616,2018-03-08,03:20:00,9.42255459,3.511,1.51362054,0
617,2018-03-08,03:25:00,10.2015142,3.511,,0
618,2018-03-08,03:30:00,9.386858268,3.204,1.51362054,0
619,2018-03-08,03:35:00,8.490664818,3.204,1.51362054,0
620,2018-03-08,03:40:00,8.419051359,,1.51362054,0
621,2018-03-08,03:45:00,9.236066859,,,0
622,2018-03-08,03:50:00,10.17926236,2.634,1.51362054,0
623,2018-03-08,03:55:00,9.951444369,,1.51362054,0
624,2018-03-08,04:00:00,8.747510517,,,0
625,2018-03-08,04:05:00,8.867671731,2.911,,0
626,2018-03-08,04:10:00,9.260406981,2.911,1.51362054,0
627,2018-03-08,04:15:00,10.02405465,6.516,1.51362054,0
628,2018-03-08,04:20:00,10.45270073,7.421,,0
629,2018-03-08,04:25:00,13.03137199,9.42,,0
630,2018-03-08,04:30:00,16.3504044,9.42,1.51362054,0
631,2018-03-08,04:35:00,24.27179553,9.42,1.51362054,0
632,2018-03-08,04:40:00,30.61663696,11.085,1.51362054,0
633,2018-03-08,04:45:00,38.78633771,11.085,,0
634,2018-03-08,04:50:00,32.69428529,12.893,1.51362054,0
635,2018-03-08,04:55:00,29.36948015,13.528,1.51362054,0
636,2018-03-08,05:00:00,29.52516734,9.959,1.51362054,0
637,2018-03-08,05:05:00,29.57129875,9.959,1.51362054,0
638,2018-03-08,05:10:00,23.11391738,9.42,,0
639,2018-03-08,05:15:00,24.24509584,8.389,,0
640,2018-03-08,05:20:00,19.94006768,8.389,,0
641,2018-03-08,05:25:00,19.74528992,7.897,,0
642,2018-03-08,05:30:00,22.53949555,7.421,1.51362054,0
643,2018-03-08,05:35:00,21.53138044,7.421,1.51362054,0
644,2018-03-08,05:40:00,19.65815001,7.421,1.51362054,0
645,2018-03-08,05:45:00,19.65815001,6.961,,0
646,2018-03-08,05:50:00,19.38907116,6.516,,0
647,2018-03-08,05:55:00,20.34412758,6.087,,0
648,2018-03-08,06:00:00,18.83844057,5.673,,0
649,2018-03-08,06:05:00,20.43678786,5.673,1.51362054,0
650,2018-03-08,06:10:00,20.2289694,5.673,,0
651,2018-03-08,06:15:00,19.72508219,6.087,,0
652,2018-03-08,06:20:00,18.04685034,6.516,1.51362054,0
653,2018-03-08,06:25:00,18.9733333,6.087,1.51362054,0
654,2018-03-08,06:30:00,18.23552729,5.673,1.51362054,0
655,2018-03-08,06:35:00,22.6162193,5.673,1.51362054,0
656,2018-03-08,06:40:00,20.94659923,5.673,,0
657,2018-03-08,06:45:00,21.434266,5.673,,0
658,2018-03-08,06:50:00,22.98445039,5.673,1.51362054,0
659,2018-03-08,06:55:00,19.61960202,5.673,,0
660,2018-03-08,07:00:00,18.13894281,5.673,,0
661,2018-03-08,07:05:00,16.66922972,5.673,1.51362054,0
662,2018-03-08,07:10:00,18.22518053,5.673,1.51362054,0
663,2018-03-08,07:15:00,17.16039167,4.891,,0
664,2018-03-08,07:20:00,18.67366841,4.891,,0
665,2018-03-08,07:25:00,21.2566298,4.891,,0
666,2018-03-08,07:30:00,20.46604901,4.891,1.51362054,0
667,2018-03-08,07:35:00,22.49496662,4.891,1.51362054,0
668,2018-03-08,07:40:00,20.14311653,4.891,1.51362054,0
669,2018-03-08,07:45:00,21.16092227,4.891,,0
670,2018-03-08,07:50:00,20.01972511,4.891,,0
671,2018-03-08,07:55:00,20.89191281,4.891,,0
672,2018-03-08,08:00:00,19.54883397,4.891,1.51362054,0
673,2018-03-08,08:05:00,23.56549036,4.891,,0
674,2018-03-08,08:10:00,20.75495704,4.891,,0
675,2018-03-08,08:15:00,18.53862427,4.523,,0
676,2018-03-08,08:20:00,18.84709652,4.523,1.51362054,0
677,2018-03-08,08:25:00,20.18577799,4.523,1.51362054,0
678,2018-03-08,08:30:00,17.78895104,4.523,1.51362054,0
679,2018-03-08,08:35:00,17.55719623,4.523,1.51362054,0
680,2018-03-08,08:40:00,16.67571537,4.523,,0
681,2018-03-08,08:45:00,17.38972382,4.523,,0
682,2018-03-08,08:50:00,15.52053116,4.171,1.51362054,0
683,2018-03-08,08:55:00,15.79694738,4.171,1.51362054,0
684,2018-03-08,09:00:00,15.0475959,4.523,1.51362054,0
685,2018-03-08,09:05:00,15.08244051,4.523,1.51362054,0
686,2018-03-08,09:10:00,14.87116472,4.171,,0
687,2018-03-08,09:15:00,14.42044976,4.523,1.51362054,0
688,2018-03-08,09:20:00,14.71678349,4.171,,0
689,2018-03-08,09:25:00,13.36875838,3.204,,0
690,2018-03-08,09:30:00,15.20881609,3.204,,0
691,2018-03-08,09:35:00,18.05948096,3.511,1.51362054,0
692,2018-03-08,09:40:00,14.20258737,3.204,1.51362054,0
693,2018-03-08,09:45:00,14.8677894,3.511,1.51362054,0
694,2018-03-08,09:50:00,13.90984977,4.171,1.51362054,0
695,2018-03-08,09:55:00,13.90984977,3.833,1.51362054,0
696,2018-03-08,10:00:00,13.25833826,3.511,,0
697,2018-03-08,10:05:00,12.95910239,3.833,1.51362054,0
698,2018-03-08,10:10:00,12.80233636,3.833,,0
699,2018-03-08,10:15:00,12.22526475,3.511,1.51362054,0
700,2018-03-08,10:20:00,12.56834817,3.511,,0
701,2018-03-08,10:25:00,13.45221383,3.511,1.51362054,0
702,2018-03-08,10:30:00,13.12962205,3.511,,0
703,2018-03-08,10:35:00,13.22476177,3.511,1.51362054,0
704,2018-03-08,10:40:00,13.26049594,3.511,1.51362054,0
705,2018-03-08,10:45:00,13.04153579,3.833,1.51362054,0
706,2018-03-08,10:50:00,13.68909155,3.511,1.51362054,0
707,2018-03-08,10:55:00,14.4047782,3.511,1.51362054,0
708,2018-03-08,11:00:00,12.92612525,3.511,,0
709,2018-03-08,11:05:00,16.07015862,3.833,,0
710,2018-03-08,11:10:00,13.46916612,3.833,,0
711,2018-03-08,11:15:00,14.11667141,3.833,1.51362054,0
712,2018-03-08,11:20:00,13.80812976,3.511,,0
713,2018-03-08,11:25:00,12.68244013,3.511,1.51362054,0
714,2018-03-08,11:30:00,12.02057555,3.511,,0
715,2018-03-08,11:35:00,13.51304521,3.511,1.51362054,0
716,2018-03-08,11:40:00,14.4436858,3.511,1.51362054,0
717,2018-03-08,11:45:00,13.04918861,3.511,1.51362054,0
718,2018-03-08,11:50:00,13.07793241,3.833,1.51362054,0
719,2018-03-08,11:55:00,13.64526923,3.833,1.51362054,0
720,2018-03-08,12:00:00,13.30643177,3.833,,0
721,2018-03-08,12:05:00,13.39997531,3.833,,0
722,2018-03-08,12:10:00,14.33038247,3.833,1.51362054,0
723,2018-03-08,12:15:00,13.72783512,3.833,,0
724,2018-03-08,12:20:00,13.00856495,4.171,1.51362054,0
725,2018-03-08,12:25:00,13.170599,4.171,,0
726,2018-03-08,12:30:00,12.50509414,4.171,1.51362054,0
727,2018-03-08,12:35:00,15.84963383,3.833,1.51362054,0
728,2018-03-08,12:40:00,13.54105086,3.833,,0
729,2018-03-08,12:45:00,14.12387628,6.087,1.51362054,0
730,2018-03-08,12:50:00,12.50509414,6.087,,0
731,2018-03-08,12:55:00,11.63597891,5.274,,0
732,2018-03-08,13:00:00,12.04452452,4.891,1.51362054,0
733,2018-03-08,13:05:00,12.33509182,2.634,,0
734,2018-03-08,13:10:00,11.07000483,2.634,,0
735,2018-03-08,13:15:00,11.98980656,2.123,1.51362054,0
736,2018-03-08,13:20:00,11.63597891,1.89,1.51362054,0
737,2018-03-08,13:25:00,10.63460813,1.89,,0
738,2018-03-08,13:30:00,10.75878817,2.123,1.51362054,0
739,2018-03-08,13:35:00,11.73766738,2.123,1.51362054,0
740,2018-03-08,13:40:00,11.1801095,2.371,,0
741,2018-03-08,13:45:00,10.97223426,,,0
742,2018-03-08,13:50:00,11.4005018,2.371,1.51362054,0
743,2018-03-08,13:55:00,10.77215694,,,0
744,2018-03-08,14:00:00,13.24973279,2.371,,0
745,2018-03-08,14:05:00,11.35835137,2.371,1.51362054,0
746,2018-03-08,14:10:00,12.35833418,2.371,1.51362054,0
747,2018-03-08,14:15:00,10.84893747,2.371,1.51362054,0
748,2018-03-08,14:20:00,10.90380685,,1.51362054,0
749,2018-03-08,14:25:00,9.890562519,,,0
750,2018-03-08,14:30:00,11.46343407,,1.51362054,0
751,2018-03-08,14:35:00,10.20902822,2.123,,0
752,2018-03-08,14:40:00,10.04957456,2.123,,0
753,2018-03-08,14:45:00,10.93393232,2.123,,0
754,2018-03-08,14:50:00,10.98240437,1.89,,0
755,2018-03-08,14:55:00,10.24025146,1.89,,0
756,2018-03-08,15:00:00,9.462648285,,,0
757,2018-03-08,15:05:00,9.960611346,2.371,,0
758,2018-03-08,15:10:00,11.07619396,2.371,1.51362054,0
759,2018-03-08,15:15:00,11.05587267,2.371,,0
760,2018-03-08,15:20:00,12.44144264,2.371,,0
761,2018-03-08,15:25:00,9.525132621,2.371,1.51362054,0
762,2018-03-08,15:30:00,10.92195153,2.371,,0
763,2018-03-08,15:35:00,13.67893406,,,0
764,2018-03-08,15:40:00,11.30595512,2.634,1.51362054,0
765,2018-03-08,15:45:00,10.88164964,3.204,1.51362054,0
766,2018-03-08,15:50:00,10.13880274,3.204,,0
767,2018-03-08,15:55:00,10.61742241,2.911,1.51362054,0
768,2018-03-08,16:00:00,10.73627135,2.911,1.51362054,0
769,2018-03-08,16:05:00,10.29036385,,,0
770,2018-03-08,16:10:00,11.49618409,2.911,1.51362054,0
771,2018-03-08,16:15:00,11.16127083,2.911,,0
772,2018-03-08,16:20:00,12.08527435,2.911,,0
773,2018-03-08,16:25:00,10.17042976,2.911,,0
774,2018-03-08,16:30:00,9.992686302,,1.51362054,0
775,2018-03-08,16:35:00,11.35922201,2.911,,0
776,2018-03-08,16:40:00,11.83664297,2.634,,0
777,2018-03-08,16:45:00,11.60209328,2.634,,0
778,2018-03-08,16:50:00,11.68533422,3.204,1.51362054,0
779,2018-03-08,16:55:00,11.31625141,3.204,1.51362054,0
780,2018-03-08,17:00:00,11.21332008,3.833,,0
781,2018-03-08,17:05:00,13.63119386,3.833,,0
782,2018-03-08,17:10:00,14.66101193,3.833,,0
783,2018-03-08,17:15:00,11.73029216,4.171,,0
784,2018-03-08,17:20:00,13.40869435,6.087,,0
785,2018-03-08,17:25:00,12.56256282,5.673,,0
786,2018-03-08,17:30:00,12.58239831,5.274,,0
787,2018-03-08,17:35:00,13.96133121,5.274,,0
788,2018-03-08,17:40:00,12.93890729,5.274,1.51362054,0
789,2018-03-08,17:45:00,12.47922724,5.673,1.51362054,0
790,2018-03-08,17:50:00,12.43401063,5.274,1.51362054,0
791,2018-03-08,17:55:00,14.08252079,5.274,,0
792,2018-03-08,18:00:00,12.83815886,5.673,1.51362054,0
793,2018-03-08,18:05:00,12.42539885,5.673,1.51362054,0
794,2018-03-08,18:10:00,12.27234882,5.673,,0
795,2018-03-08,18:15:00,11.27584858,4.891,1.51362054,0
796,2018-03-08,18:20:00,12.8151941,4.891,1.51362054,0
797,2018-03-08,18:25:00,12.79445011,4.891,,0
798,2018-03-08,18:30:00,14.52783524,4.891,,0
799,2018-03-08,18:35:00,13.28284242,5.274,1.51362054,0
800,2018-03-08,18:40:00,13.18929888,5.274,1.51362054,0
801,2018-03-08,18:45:00,18.97085386,5.673,1.51362054,0
802,2018-03-08,18:50:00,13.54488043,5.673,1.51362054,0
803,2018-03-08,18:55:00,14.02757571,6.961,1.51362054,0
804,2018-03-08,19:00:00,13.34668319,7.421,,0
805,2018-03-08,19:05:00,13.83828678,7.421,1.51362054,0
806,2018-03-08,19:10:00,12.15303932,6.961,,0
807,2018-03-08,19:15:00,12.8606126,6.961,,0
808,2018-03-08,19:20:00,12.03000751,5.673,,0
809,2018-03-08,19:25:00,12.78352923,5.673,1.51362054,0
810,2018-03-08,19:30:00,13.28304431,5.673,,0
811,2018-03-08,19:35:00,11.25370399,5.673,,0
812,2018-03-08,19:40:00,11.82456754,5.673,1.51362054,0
813,2018-03-08,19:45:00,12.43527243,4.891,,0
814,2018-03-08,19:50:00,11.81180444,4.891,1.51362054,0
815,2018-03-08,19:55:00,14.01852229,4.891,1.51362054,0
816,2018-03-08,20:00:00,12.16794118,4.891,,0
817,2018-03-08,20:05:00,13.59894225,4.891,1.51362054,0
818,2018-03-08,20:10:00,11.59958229,4.891,,0
819,2018-03-08,20:15:00,10.81981513,4.891,1.51362054,0
820,2018-03-08,20:20:00,14.22550166,,1.51362054,0
821,2018-03-08,20:25:00,13.24077401,4.891,,0
822,2018-03-08,20:30:00,12.74371944,5.673,1.51362054,0
823,2018-03-08,20:35:00,11.96121417,5.673,,0
824,2018-03-08,20:40:00,14.22743221,5.673,,0
825,2018-03-08,20:45:00,11.50355931,6.087,1.51362054,0
826,2018-03-08,20:50:00,11.3528373,6.087,1.51362054,0
827,2018-03-08,20:55:00,11.98480983,5.274,1.51362054,0
828,2018-03-08,21:00:00,11.66103195,5.274,1.51362054,0
829,2018-03-08,21:05:00,11.58713464,5.274,1.51362054,0
830,2018-03-08,21:10:00,11.98322627,5.274,,0
831,2018-03-08,21:15:00,12.73784576,5.274,1.51362054,0
832,2018-03-08,21:20:00,12.04870739,5.274,,0
833,2018-03-08,21:25:00,10.78680644,5.274,,0
834,2018-03-08,21:30:00,11.06424472,5.673,1.51362054,0
835,2018-03-08,21:35:00,10.04889318,5.673,1.51362054,0
836,2018-03-08,21:40:00,13.48911518,5.673,1.51362054,0
837,2018-03-08,21:45:00,12.17768227,5.673,1.51362054,0
838,2018-03-08,21:50:00,10.91952257,6.087,1.51362054,0
839,2018-03-08,21:55:00,12.34238503,5.673,1.51362054,0
840,2018-03-08,22:00:00,10.79448449,4.523,,0
841,2018-03-08,22:05:00,10.5637896,4.523,1.51362054,0
842,2018-03-08,22:10:00,10.06796529,5.274,,0
843,2018-03-08,22:15:00,9.858096405,5.673,1.51362054,0
844,2018-03-08,22:20:00,8.868706407,5.673,1.51362054,0
845,2018-03-08,22:25:00,9.359382573,6.087,,0
846,2018-03-08,22:30:00,8.734961916,5.673,1.51362054,0
847,2018-03-08,22:35:00,8.43557463,5.274,1.51362054,0
848,2018-03-08,22:40:00,9.64734426,,1.51362054,0
849,2018-03-08,22:45:00,9.291945672,5.274,,0
850,2018-03-08,22:50:00,7.855733367,5.274,1.51362054,0
851,2018-03-08,22:55:00,8.784935505,5.274,1.51362054,0
852,2018-03-08,23:00:00,7.199023248,5.274,1.51362054,0
853,2018-03-08,23:05:00,7.454531439,,,0
854,2018-03-08,23:10:00,7.858698597,,1.51362054,0
855,2018-03-08,23:15:00,7.531715745,4.891,1.51362054,0
856,2018-03-08,23:20:00,7.890300378,,1.51362054,0
857,2018-03-08,23:25:00,9.947065923,4.891,1.51362054,0
858,2018-03-08,23:30:00,7.228170828,4.891,,0
859,2018-03-08,23:35:00,9.917281134,,1.51362054,0
860,2018-03-08,23:40:00,7.765009947,5.274,,0
861,2018-03-08,23:45:00,7.812024615,4.891,1.51362054,0
862,2018-03-08,23:50:00,7.201584702,,1.51362054,0
863,2018-03-08,23:55:00,7.426935873,4.891,,0
864,2018-03-09,00:00:00,7.610016744,4.891,1.51362054,0
865,2018-03-09,00:05:00,7.123794732,4.891,1.51362054,0
866,2018-03-09,00:10:00,6.847132464,,1.51362054,0
867,2018-03-09,00:15:00,6.776547372,,,0
868,2018-03-09,00:20:00,7.350376158,,,0
869,2018-03-09,00:25:00,7.246220877,4.171,,0
870,2018-03-09,00:30:00,7.336281852,4.523,1.51362054,0
871,2018-03-09,00:35:00,7.984884906,4.171,,0
872,2018-03-09,00:40:00,7.380135711,4.171,,0
873,2018-03-09,00:45:00,6.816016476,4.171,,0
874,2018-03-09,00:50:00,7.625517957,4.523,,0
875,2018-03-09,00:55:00,7.299430983,4.523,,0
876,2018-03-09,01:00:00,7.18620336,,1.51362054,0
877,2018-03-09,01:05:00,8.918288838,4.523,1.51362054,0
878,2018-03-09,01:10:00,7.318730214,,,0
879,2018-03-09,01:15:00,6.863359212,,1.51362054,0
880,2018-03-09,01:20:00,6.995002806,5.673,1.51362054,0
881,2018-03-09,01:25:00,7.067865447,5.274,1.51362054,0
882,2018-03-09,01:30:00,8.016827373,4.171,,0
883,2018-03-09,01:35:00,8.192104011,4.171,1.51362054,0
884,2018-03-09,01:40:00,7.905953007,4.891,1.51362054,0
885,2018-03-09,01:45:00,8.1606915,,,0
886,2018-03-09,01:50:00,7.037273106,4.891,,0
887,2018-03-09,01:55:00,7.215653772,,,0
888,2018-03-09,02:00:00,7.037273106,4.891,1.51362054,0
889,2018-03-09,02:05:00,6.718245903,,,0
890,2018-03-09,02:10:00,6.615283023,,,0
891,2018-03-09,02:15:00,7.121454093,4.171,,0
892,2018-03-09,02:20:00,7.390255347,,1.51362054,0
893,2018-03-09,02:25:00,7.60474242,4.523,,0
894,2018-03-09,02:30:00,7.790536161,4.891,1.51362054,0
895,2018-03-09,02:35:00,7.294667688,4.891,,0
896,2018-03-09,02:40:00,9.985941981,4.891,,0
897,2018-03-09,02:45:00,7.233937254,4.523,,0
898,2018-03-09,02:50:00,6.554413791,,,0
899,2018-03-09,02:55:00,6.191507493,4.891,,0
900,2018-03-09,03:00:00,7.629574644,4.891,1.51362054,0
901,2018-03-09,03:05:00,7.145901468,,1.51362054,0
902,2018-03-09,03:10:00,7.067322873,,,0
903,2018-03-09,03:15:00,6.350481675,,,0
904,2018-03-09,03:20:00,8.627898186,4.523,,0
905,2018-03-09,03:25:00,6.672884193,,,0
906,2018-03-09,03:30:00,6.675458265,,,0
907,2018-03-09,03:35:00,6.703388208,4.523,,0
908,2018-03-09,03:40:00,6.617623662,4.523,1.51362054,0
909,2018-03-09,03:45:00,6.935332284,3.511,1.51362054,0
910,2018-03-09,03:50:00,7.274851119,3.511,1.51362054,0
911,2018-03-09,03:55:00,7.154254584,3.511,,0
912,2018-03-09,04:00:00,6.919452531,3.511,,0
913,2018-03-09,04:05:00,6.762307959,3.511,,0
914,2018-03-09,04:10:00,7.340376393,3.511,1.51362054,0
915,2018-03-09,04:15:00,11.19580629,3.511,1.51362054,0
916,2018-03-09,04:20:00,8.197308936,,,0
917,2018-03-09,04:25:00,9.87289101,,,0
918,2018-03-09,04:30:00,7.904615499,,1.51362054,0
919,2018-03-09,04:35:00,7.608982068,2.123,1.51362054,0
920,2018-03-09,04:40:00,8.675051652,,1.51362054,0
921,2018-03-09,04:45:00,8.320864392,1.89,1.51362054,0
922,2018-03-09,04:50:00,8.483788008,1.89,,0
923,2018-03-09,04:55:00,8.647834626,1.89,,0
924,2018-03-09,05:00:00,8.983094886,1.67,1.51362054,0
925,2018-03-09,05:05:00,10.18561552,1.67,,0
926,2018-03-09,05:10:00,10.51940579,2.123,1.51362054,0
927,2018-03-09,05:15:00,10.74403142,2.123,,0
928,2018-03-09,05:20:00,10.95736395,2.371,,0
929,2018-03-09,05:25:00,13.09761018,2.123,1.51362054,0
930,2018-03-09,05:30:00,12.17460348,2.123,1.51362054,0
931,2018-03-09,05:35:00,11.3199548,3.511,1.51362054,0
932,2018-03-09,05:40:00,12.28108047,3.204,,0
933,2018-03-09,05:45:00,14.58677392,3.204,,0
934,2018-03-09,05:50:00,12.84116826,3.204,1.51362054,0
935,2018-03-09,05:55:00,14.07901298,3.204,1.51362054,0
936,2018-03-09,06:00:00,14.22335029,3.204,,0
937,2018-03-09,06:05:00,14.83172085,3.511,1.51362054,0
938,2018-03-09,06:10:00,13.10662574,3.833,,0
939,2018-03-09,06:15:00,14.83172085,4.523,,0
940,2018-03-09,06:20:00,14.14275281,4.171,1.51362054,0
941,2018-03-09,06:25:00,13.70490821,4.171,,0
942,2018-03-09,06:30:00,13.75224464,4.523,1.51362054,0
943,2018-03-09,06:35:00,15.06793612,4.523,,0
944,2018-03-09,06:40:00,15.2042673,4.891,,0
945,2018-03-09,06:45:00,16.89474492,4.891,,0
946,2018-03-09,06:50:00,14.39544719,4.891,1.51362054,0
947,2018-03-09,06:55:00,13.61815946,5.274,,0
948,2018-03-09,07:00:00,12.7754411,5.274,,0
949,2018-03-09,07:05:00,14.64623625,4.891,,0
950,2018-03-09,07:10:00,12.53614703,4.523,,0
951,2018-03-09,07:15:00,13.1960432,4.523,,0
952,2018-03-09,07:20:00,20.46336137,4.171,,0
953,2018-03-09,07:25:00,15.1350134,4.171,,0
954,2018-03-09,07:30:00,13.53707619,4.171,1.51362054,0
955,2018-03-09,07:35:00,13.63740822,4.171,,0
956,2018-03-09,07:40:00,14.08308229,4.171,,0
957,2018-03-09,07:45:00,14.31215577,4.171,,0
958,2018-03-09,07:50:00,14.63494945,4.171,1.51362054,0
959,2018-03-09,07:55:00,14.12216654,4.171,,0
960,2018-03-09,08:00:00,13.39159065,4.891,1.51362054,0
961,2018-03-09,08:05:00,13.67002575,4.891,1.51362054,0
962,2018-03-09,08:10:00,14.31094444,3.204,,0
963,2018-03-09,08:15:00,12.89937509,3.204,,0
964,2018-03-09,08:20:00,12.33306663,2.911,1.51362054,0
965,2018-03-09,08:25:00,14.18489693,2.911,,0
966,2018-03-09,08:30:00,14.14564864,2.911,1.51362054,0
967,2018-03-09,08:35:00,12.85791234,3.204,1.51362054,0
968,2018-03-09,08:40:00,12.33306663,3.204,,0
969,2018-03-09,08:45:00,12.19925274,3.204,,0
970,2018-03-09,08:50:00,13.48402381,,,0
971,2018-03-09,08:55:00,12.93935522,3.204,1.51362054,0
972,2018-03-09,09:00:00,15.29911049,3.204,,0
973,2018-03-09,09:05:00,12.9265795,3.204,,0
974,2018-03-09,09:10:00,12.68877436,3.204,,0
975,2018-03-09,09:15:00,13.79396606,3.204,2.275324229,0
976,2018-03-09,09:20:00,11.88960702,3.204,1.688871197,0
977,2018-03-09,09:25:00,10.80959455,3.204,,0
978,2018-03-09,09:30:00,11.84636514,3.204,0.787179595,0
979,2018-03-09,09:35:00,12.9947167,3.204,,0
980,2018-03-09,09:40:00,0.0,3.204,1.34842289,0
981,2018-03-09,09:45:00,12.8707133,3.511,2.717190758,0
982,2018-03-09,09:50:00,12.94682508,3.511,,0
983,2018-03-09,09:55:00,12.84654353,,0.565430329,0
984,2018-03-09,10:00:00,11.30865538,3.204,0.565430329,0
985,2018-03-09,10:05:00,11.27437227,3.204,1.19323314,0
986,2018-03-09,10:10:00,11.20066422,3.204,1.51362054,0
987,2018-03-09,10:15:00,11.7063495,4.171,2.275324229,0
988,2018-03-09,10:20:00,13.30584503,,,0
989,2018-03-09,10:25:00,12.13991029,4.171,,0
990,2018-03-09,10:30:00,11.09785276,4.171,,0
991,2018-03-09,10:35:00,11.88163245,,1.51362054,0
992,2018-03-09,10:40:00,14.15511214,3.691,,0
993,2018-03-09,10:45:00,12.58281471,7.084,2.4911498,0
994,2018-03-09,10:50:00,12.16182145,,,0
995,2018-03-09,10:55:00,12.69134843,14.846,1.048001031,0
996,2018-03-09,11:00:00,12.28966702,13.528,2.4911498,0
997,2018-03-09,11:05:00,13.26351164,14.179,,0
998,2018-03-09,11:10:00,11.645291,14.179,,0
999,2018-03-09,11:15:00,10.1480265,14.846,,0
1000,2018-03-09,11:20:00,11.46545295,16.944,,0
1001,2018-03-09,11:25:00,10.52857276,16.944,,0
1002,2018-03-09,11:30:00,11.31659841,16.944,,0
1003,2018-03-09,11:35:00,10.5748619,16.228,,0
1004,2018-03-09,11:40:00,10.41005189,16.228,,0
1005,2018-03-09,11:45:00,10.93547172,16.944,1.19323314,0
1006,2018-03-09,11:50:00,10.93547172,17.675,1.19323314,0
1007,2018-03-09,11:55:00,12.71425641,16.944,1.34842289,0
1008,2018-03-09,12:00:00,13.27293729,16.944,,0
1009,2018-03-09,12:05:00,10.4249222,16.944,1.51362054,0
1010,2018-03-09,12:10:00,14.45842363,17.675,0.912670609,0
1011,2018-03-09,12:15:00,10.97635404,,1.048001031,0
1012,2018-03-09,12:20:00,10.97226581,14.846,,0
1013,2018-03-09,12:25:00,11.49751529,14.846,,0
1014,2018-03-09,12:30:00,12.48313251,14.846,,0
1015,2018-03-09,12:35:00,11.72060153,14.846,,0
1016,2018-03-09,12:40:00,10.76212563,14.846,0.469008228,0
1017,2018-03-09,12:45:00,10.21413851,14.846,,0
1018,2018-03-09,12:50:00,11.01870635,14.179,1.688871197,0
1019,2018-03-09,12:55:00,10.70142044,13.528,,0
1020,2018-03-09,13:00:00,14.910413,13.528,,0
1021,2018-03-09,13:05:00,11.20371778,13.528,,0
1022,2018-03-09,13:10:00,10.94644938,13.528,2.069688896,0
1023,2018-03-09,13:15:00,10.85391527,,,0
1024,2018-03-09,13:20:00,10.80174615,12.893,,0
1025,2018-03-09,13:25:00,9.744748911,12.893,0.787179595,0
1026,2018-03-09,13:30:00,14.26100871,12.893,,0
1027,2018-03-09,13:35:00,10.76166508,11.672,,0
1028,2018-03-09,13:40:00,11.3133682,11.672,,0
1029,2018-03-09,13:45:00,10.26630763,,1.51362054,0
1030,2018-03-09,13:50:00,10.14273956,13.528,,0
1031,2018-03-09,13:55:00,10.04295641,,1.874215276,0
1032,2018-03-09,14:00:00,11.19453188,9.42,,0
1033,2018-03-09,14:05:00,10.63710649,8.897,,0
1034,2018-03-09,14:10:00,11.84633359,9.42,0.565430329,0
1035,2018-03-09,14:15:00,12.01246849,12.893,,0
1036,2018-03-09,14:20:00,9.392050575,,0.912670609,0
1037,2018-03-09,14:25:00,9.88039872,9.959,,0
1038,2018-03-09,14:30:00,9.262703457,10.514,,0
1039,2018-03-09,14:35:00,9.041446827,,,0
1040,2018-03-09,14:40:00,8.619620778,10.514,,0
1041,2018-03-09,14:45:00,11.37025014,10.514,,0
1042,2018-03-09,14:50:00,10.65951606,10.514,0.469008228,0
1043,2018-03-09,14:55:00,9.894373155,10.514,,0
1044,2018-03-09,15:00:00,10.34727103,10.514,,0
1045,2018-03-09,15:05:00,9.10931274,9.959,,0
1046,2018-03-09,15:10:00,9.326178306,9.959,1.34842289,0
1047,2018-03-09,15:15:00,10.17197546,,0.671458623,0
1048,2018-03-09,15:20:00,10.19931236,9.42,,0
1049,2018-03-09,15:25:00,9.315938799,8.897,0.787179595,0
1050,2018-03-09,15:30:00,9.763101792,8.897,2.069688896,0
1051,2018-03-09,15:35:00,10.95497915,8.897,,0
1052,2018-03-09,15:40:00,10.22126768,9.42,,0
1053,2018-03-09,15:45:00,9.184471857,,,0
1054,2018-03-09,15:50:00,9.940498254,8.897,1.19323314,0
1055,2018-03-09,15:55:00,13.73086344,,2.275324229,0
1056,2018-03-09,16:00:00,11.64707645,8.897,,0
1057,2018-03-09,16:05:00,11.25221506,8.897,1.19323314,0
1058,2018-03-09,16:10:00,10.88190831,10.514,,0
1059,2018-03-09,16:15:00,11.2379441,10.514,1.34842289,0
1060,2018-03-09,16:20:00,9.456610572,8.897,,0
1061,2018-03-09,16:25:00,10.45357137,8.389,,0
1062,2018-03-09,16:30:00,11.29298382,8.389,,0
1063,2018-03-09,16:35:00,10.15707992,9.42,1.51362054,0
1064,2018-03-09,16:40:00,11.23183068,10.514,,0
1065,2018-03-09,16:45:00,11.96925815,10.514,,0
1066,2018-03-09,16:50:00,11.10952441,10.514,,0
1067,2018-03-09,16:55:00,10.99540091,,,0
1068,2018-03-09,17:00:00,11.29818244,11.085,,0
1069,2018-03-09,17:05:00,12.83288454,11.085,,0
1070,2018-03-09,17:10:00,12.6309713,11.085,2.717190758,0
1071,2018-03-09,17:15:00,12.8221277,11.085,3.723905655,0
1072,2018-03-09,17:20:00,12.33063136,11.085,1.19323314,0
1073,2018-03-09,17:25:00,12.26492312,11.672,1.048001031,0
1074,2018-03-09,17:30:00,10.59343559,12.275,1.51362054,0
1075,2018-03-09,17:35:00,12.43045236,12.275,,0
1076,2018-03-09,17:40:00,11.24181783,11.672,0.912670609,0
1077,2018-03-09,17:45:00,13.61150978,11.672,1.34842289,0
1078,2018-03-09,17:50:00,13.4039626,11.672,1.19323314,0
1079,2018-03-09,17:55:00,13.2901167,11.672,,0
1080,2018-03-09,18:00:00,11.6797823,16.228,1.19323314,0
1081,2018-03-09,18:05:00,11.56245383,0.0,2.275324229,0
1082,2018-03-09,18:10:00,12.58191883,16.228,,0
1083,2018-03-09,18:15:00,13.53129715,14.846,,0
1084,2018-03-09,18:20:00,11.35782141,,,0
1085,2018-03-09,18:25:00,13.16058662,14.846,1.19323314,0
1086,2018-03-09,18:30:00,13.4039626,14.846,,0
1087,2018-03-09,18:35:00,12.5861017,14.846,1.048001031,0
1088,2018-03-09,18:40:00,14.40812828,14.846,,0
1089,2018-03-09,18:45:00,12.45050867,14.179,,0
1090,2018-03-09,18:50:00,12.84222186,14.846,,0
1091,2018-03-09,18:55:00,11.22427881,15.529,1.048001031,0
1092,2018-03-09,19:00:00,11.10952441,15.529,2.4911498,0
1093,2018-03-09,19:05:00,11.39294362,15.529,,0
1094,2018-03-09,19:10:00,12.70823763,15.529,,0
1095,2018-03-09,19:15:00,12.00253181,15.529,,0
1096,2018-03-09,19:20:00,12.02408336,15.529,1.34842289,0
1097,2018-03-09,19:25:00,10.8579972,16.228,1.34842289,0
1098,2018-03-09,19:30:00,10.49211936,16.944,2.4911498,0
1099,2018-03-09,19:35:00,11.90460983,14.846,,0
1100,2018-03-09,19:40:00,10.86578881,15.529,,0
1101,2018-03-09,19:45:00,10.33236917,15.529,,0
1102,2018-03-09,19:50:00,9.862468542,15.529,,0
1103,2018-03-09,19:55:00,9.981923148,15.529,,0
1104,2018-03-09,20:00:00,12.39703989,14.846,,0
1105,2018-03-09,20:05:00,10.99787404,14.846,,0
1106,2018-03-09,20:10:00,13.14066911,14.846,,0
1107,2018-03-09,20:15:00,12.50832434,16.944,,0
1108,2018-03-09,20:20:00,11.27581703,16.944,,0
1109,2018-03-09,20:25:00,12.1533737,16.228,0.912670609,0
1110,2018-03-09,20:30:00,9.785978226,16.228,,0
1111,2018-03-09,20:35:00,8.934660693,15.529,,0
1112,2018-03-09,20:40:00,10.49606879,,,0
1113,2018-03-09,20:45:00,11.63984002,12.893,,0
1114,2018-03-09,20:50:00,9.878297823,13.528,1.874215276,0
1115,2018-03-09,20:55:00,10.03316485,19.968,1.688871197,0
1116,2018-03-09,21:00:00,9.330563061,18.423,,0
1117,2018-03-09,21:05:00,9.277649478,16.228,,0
1118,2018-03-09,21:10:00,10.16502295,16.228,1.51362054,0
1119,2018-03-09,21:15:00,10.50120432,14.846,,0
1120,2018-03-09,21:20:00,11.87056015,14.846,,0
1121,2018-03-09,21:25:00,10.32747339,15.529,1.19323314,0
1122,2018-03-09,21:30:00,11.00929333,15.529,1.048001031,0
1123,2018-03-09,21:35:00,11.65858406,15.529,1.048001031,0
1124,2018-03-09,21:40:00,10.89181344,15.529,1.34842289,0
1125,2018-03-09,21:45:00,10.82864773,15.529,3.456811513,0
1126,2018-03-09,21:50:00,9.409905045,14.179,1.34842289,0
1127,2018-03-09,21:55:00,13.92090944,14.179,,0
1128,2018-03-09,22:00:00,9.689696577,14.179,,0
1129,2018-03-09,22:05:00,9.492981957,14.179,,0
1130,2018-03-09,22:10:00,10.90399612,14.179,0.671458623,0
1131,2018-03-09,22:15:00,10.17197546,13.528,0.38209533,0
1132,2018-03-09,22:20:00,9.973260891,13.528,,0
1133,2018-03-09,22:25:00,8.33967783,12.893,,0
1134,2018-03-09,22:30:00,8.871166917,11.672,,0
1135,2018-03-09,22:35:00,8.476191972,11.672,,0
1136,2018-03-09,22:40:00,8.780563368,11.672,1.19323314,0
1137,2018-03-09,22:45:00,7.981806114,11.672,,0
1138,2018-03-09,22:50:00,8.061867324,,,0
1139,2018-03-09,22:55:00,8.460602433,11.672,1.34842289,0
1140,2018-03-09,23:00:00,7.960551093,11.085,0.787179595,0
1141,2018-03-09,23:05:00,9.323332947,11.085,0.38209533,0
1142,2018-03-09,23:10:00,9.305642511,11.085,0.671458623,0
1143,2018-03-09,23:15:00,7.786889559,11.085,,0
1144,2018-03-09,23:20:00,7.582130964,11.085,0.304582372,0
1145,2018-03-09,23:25:00,7.554421836,,,0
1146,2018-03-09,23:30:00,7.738941159,9.959,0.469008228,0
1147,2018-03-09,23:35:00,7.896931137,9.959,,0
1148,2018-03-09,23:40:00,6.610715307,9.959,,0
1149,2018-03-09,23:45:00,6.963520896,9.959,0.38209533,0
1150,2018-03-09,23:50:00,7.113940074,9.959,,0
1151,2018-03-09,23:55:00,7.599840327,9.42,,0
1152,2018-03-10,00:00:00,7.163068257,8.897,0.565430329,0
1153,2018-03-10,00:05:00,6.650039304,,0.304582372,0
1154,2018-03-10,00:10:00,6.586854669,9.42,0.304582372,0
1155,2018-03-10,00:15:00,6.805966239,7.421,0.469008228,0
1156,2018-03-10,00:20:00,6.691344327,6.961,0.304582372,0
1157,2018-03-10,00:25:00,7.976361447,7.897,,0
1158,2018-03-10,00:30:00,7.22891529,8.389,0.38209533,0
1159,2018-03-10,00:35:00,7.235691156,,,0
1160,2018-03-10,00:40:00,6.722460315,,,0
1161,2018-03-10,00:45:00,8.692313076,7.421,,0
1162,2018-03-10,00:50:00,6.998971167,6.961,,0
1163,2018-03-10,00:55:00,8.144685567,,,0
1164,2018-03-10,01:00:00,7.214543388,7.421,0.304582372,0
1165,2018-03-10,01:05:00,7.49988684,,,0
1166,2018-03-10,01:10:00,6.91731378,7.421,0.304582372,0
1167,2018-03-10,01:15:00,6.773954373,,,0
1168,2018-03-10,01:20:00,7.024604634,,0.177243437,0
1169,2018-03-10,01:25:00,6.31745406,6.516,,0
1170,2018-03-10,01:30:00,6.801486849,6.516,,0
1171,2018-03-10,01:35:00,6.350021118,6.516,0.127112896,0
1172,2018-03-10,01:40:00,6.577895889,6.516,,0
1173,2018-03-10,01:45:00,6.836653215,6.087,,0
1174,2018-03-10,01:50:00,6.297322041,,0.304582372,0
1175,2018-03-10,01:55:00,6.425218089,6.516,,0
1176,2018-03-10,02:00:00,5.992893864,6.516,,0
1177,2018-03-10,02:05:00,6.573384954,6.516,0.304582372,0
1178,2018-03-10,02:10:00,6.988504536,8.389,0.304582372,0
1179,2018-03-10,02:15:00,6.7108833,7.897,0.38209533,0
1180,2018-03-10,02:20:00,8.049318723,,,0
1181,2018-03-10,02:25:00,6.788187477,,,0
1182,2018-03-10,02:30:00,6.485380713,6.516,,0
1183,2018-03-10,02:35:00,6.417615744,6.516,,0
1184,2018-03-10,02:40:00,5.931791199,,0.177243437,0
1185,2018-03-10,02:45:00,5.886013095,6.516,,0
1186,2018-03-10,02:50:00,6.966530289,,0.085762994,0
1187,2018-03-10,02:55:00,6.818773509,6.961,0.38209533,0
1188,2018-03-10,03:00:00,6.781708134,,,0
1189,2018-03-10,03:05:00,6.413445495,6.516,,0
1190,2018-03-10,03:10:00,6.393527982,,0.38209533,0
1191,2018-03-10,03:15:00,7.080268941,6.961,0.236345541,0
1192,2018-03-10,03:20:00,6.177829581,,,0
1193,2018-03-10,03:25:00,6.07897386,7.421,,0
1194,2018-03-10,03:30:00,5.997493125,7.421,,0
1195,2018-03-10,03:35:00,5.978692305,6.087,,0
1196,2018-03-10,03:40:00,6.744794175,,0.177243437,0
1197,2018-03-10,03:45:00,6.393527982,,0.304582372,0
1198,2018-03-10,03:50:00,6.352942185,6.516,,0
1199,2018-03-10,03:55:00,6.393527982,6.516,,0
1200,2018-03-10,04:00:00,6.518490345,6.087,,0
1201,2018-03-10,04:05:00,6.053214213,,,0
1202,2018-03-10,04:10:00,5.781069189,6.087,,0
1203,2018-03-10,04:15:00,10.0127363,6.087,,0
1204,2018-03-10,04:20:00,6.726630564,5.673,,0
1205,2018-03-10,04:25:00,6.743166453,,0.38209533,0
1206,2018-03-10,04:30:00,7.173957591,6.087,,0
1207,2018-03-10,04:35:00,6.854249016,6.516,0.671458623,0
1208,2018-03-10,04:40:00,6.826218129,,,0
1209,2018-03-10,04:45:00,6.89630481,6.516,,0
1210,2018-03-10,04:50:00,6.762402594,,0.671458623,0
1211,2018-03-10,04:55:00,7.540226586,6.516,,0
1212,2018-03-10,05:00:00,7.181774442,6.961,,0
1213,2018-03-10,05:05:00,7.116684489,6.961,,0
1214,2018-03-10,05:10:00,7.447768191,,,0
1215,2018-03-10,05:15:00,7.238902437,,,0
1216,2018-03-10,05:20:00,7.633309572,,0.469008228,0
1217,2018-03-10,05:25:00,6.338873115,,3.200003914,0
1218,2018-03-10,05:30:00,6.666385923,,,0
1219,2018-03-10,05:35:00,6.924335697,,,0
1220,2018-03-10,05:40:00,7.119921006,,,0
1221,2018-03-10,05:45:00,7.512624711,,,0
1222,2018-03-10,05:50:00,8.421814701,,,0
1223,2018-03-10,05:55:00,8.973315936,,,0
1224,2018-03-10,06:00:00,8.602920855,,0.052965954,0
1225,2018-03-10,06:05:00,10.10326415,,,0
1226,2018-03-10,06:10:00,9.824683941,,0.469008228,0
1227,2018-03-10,06:15:00,11.50779896,,,0
1228,2018-03-10,06:20:00,12.00475889,,,0
1229,2018-03-10,06:25:00,11.72060153,,,0
1230,2018-03-10,06:30:00,12.80542146,,,0
1231,2018-03-10,06:35:00,11.85681284,,1.19323314,0
1232,2018-03-10,06:40:00,12.68447162,,1.048001031,0
1233,2018-03-10,06:45:00,11.98362374,,,0
1234,2018-03-10,06:50:00,12.40659172,,,0
1235,2018-03-10,06:55:00,13.52998488,,,0
1236,2018-03-10,07:00:00,13.01206645,,1.34842289,0
1237,2018-03-10,07:05:00,12.35815122,,1.34842289,0
1238,2018-03-10,07:10:00,11.614869,,0.052965954,0
1239,2018-03-10,07:15:00,12.77247587,,,0
1240,2018-03-10,07:20:00,11.84633359,,1.19323314,0
1241,2018-03-10,07:25:00,12.65202444,,,0
1242,2018-03-10,07:30:00,14.06344237,,,0
1243,2018-03-10,07:35:00,13.63775522,,2.717190758,0
1244,2018-03-10,07:40:00,13.5675739,,1.19323314,0
1245,2018-03-10,07:45:00,13.81429365,,0.787179595,0
1246,2018-03-10,07:50:00,14.37625521,,1.34842289,0
1247,2018-03-10,07:55:00,13.88501754,,,0
1248,2018-03-10,08:00:00,13.68453645,,,0
1249,2018-03-10,08:05:00,14.71765413,,1.688871197,0
1250,2018-03-10,08:10:00,14.04134825,,1.19323314,0
1251,2018-03-10,08:15:00,14.4263676,,,0
1252,2018-03-10,08:20:00,12.75314509,,,0
1253,2018-03-10,08:25:00,12.33969739,,,0
1254,2018-03-10,08:30:00,14.43760393,,,0
1255,2018-03-10,08:35:00,13.61426681,,2.275324229,0
1256,2018-03-10,08:40:00,13.69717969,,2.717190758,0
1257,2018-03-10,08:45:00,13.54506339,,0.671458623,0
1258,2018-03-10,08:50:00,13.62727597,,,0
1259,2018-03-10,08:55:00,13.17454844,,,0
1260,2018-03-10,09:00:00,13.17446011,,,0
1261,2018-03-10,09:05:00,14.54654774,,,0
1262,2018-03-10,09:10:00,13.50032627,,1.34842289,0
1263,2018-03-10,09:15:00,13.27770689,,4.001297672,0
1264,2018-03-10,09:20:00,15.44284213,,1.51362054,0
1265,2018-03-10,09:25:00,17.23445303,,,0
1266,2018-03-10,09:30:00,14.64700595,,,0
1267,2018-03-10,09:35:00,14.13847531,,,0
1268,2018-03-10,09:40:00,14.81760131,,2.275324229,0
1269,2018-03-10,09:45:00,14.22379823,,,0
1270,2018-03-10,09:50:00,15.79945205,,1.34842289,0
1271,2018-03-10,09:55:00,13.20074971,,,0
1272,2018-03-10,10:00:00,14.45316823,,,0
1273,2018-03-10,10:05:00,14.0202825,,,0
1274,2018-03-10,10:10:00,13.80641371,,1.688871197,0
1275,2018-03-10,10:15:00,14.64884186,,2.275324229,0
1276,2018-03-10,10:20:00,13.72215071,,1.19323314,0
1277,2018-03-10,10:25:00,13.85393941,,1.048001031,0
1278,2018-03-10,10:30:00,14.50186109,,,0
1279,2018-03-10,10:35:00,14.53879398,,2.953469105,0
1280,2018-03-10,10:40:00,13.51318401,,2.4911498,0
1281,2018-03-10,10:45:00,13.25778307,,,0
1282,2018-03-10,10:50:00,13.53556834,,1.048001031,0
1283,2018-03-10,10:55:00,12.97197275,,1.34842289,0
1284,2018-03-10,11:00:00,12.90410684,,,0
1285,2018-03-10,11:05:00,12.72127833,,,0
1286,2018-03-10,11:10:00,13.5963177,,,0
1287,2018-03-10,11:15:00,13.0296244,,,0
1288,2018-03-10,11:20:00,11.33293872,,,0
1289,2018-03-10,11:25:00,12.20282364,,,0
1290,2018-03-10,11:30:00,10.57095662,,1.048001031,0
1291,2018-03-10,11:35:00,11.95084218,,,0
1292,2018-03-10,11:40:00,13.19065531,,,0
1293,2018-03-10,11:45:00,0.0,,1.048001031,0
1294,2018-03-10,11:50:00,12.76946016,,,0
1295,2018-03-10,11:55:00,12.29045565,,0.912670609,0
1296,2018-03-10,12:00:00,12.25641859,,,0
1297,2018-03-10,12:05:00,11.7156742,,,0
1298,2018-03-10,12:10:00,12.80961695,,,0
1299,2018-03-10,12:15:00,11.00856779,,1.19323314,0
1300,2018-03-10,12:20:00,10.62990161,,,0
1301,2018-03-10,12:25:00,10.46944481,,1.048001031,0
1302,2018-03-10,12:30:00,11.66074805,,,0
1303,2018-03-10,12:35:00,11.47329504,,,0
1304,2018-03-10,12:40:00,11.92705725,,,0
1305,2018-03-10,12:45:00,13.99889499,,2.275324229,0
1306,2018-03-10,12:50:00,11.94060898,,,0
1307,2018-03-10,12:55:00,12.41152536,,,0
1308,2018-03-10,13:00:00,11.04410008,,,0
1309,2018-03-10,13:05:00,11.76560994,,1.048001031,0
1310,2018-03-10,13:10:00,11.52919909,,,0
1311,2018-03-10,13:15:00,12.18108282,,0.787179595,0
1312,2018-03-10,13:20:00,14.76244803,,,0
1313,2018-03-10,13:25:00,11.24832872,,2.717190758,0
1314,2018-03-10,13:30:00,11.80017695,,,0
1315,2018-03-10,13:35:00,11.20742747,,1.048001031,0
1316,2018-03-10,13:40:00,11.99050055,,,0
1317,2018-03-10,13:45:00,12.64438424,,1.048001031,0
1318,2018-03-10,13:50:00,12.81603951,,1.19323314,0
1319,2018-03-10,13:55:00,14.81157621,,1.048001031,0
1320,2018-03-10,14:00:00,15.77932634,,1.048001031,0
1321,2018-03-10,14:05:00,16.07564745,,1.34842289,0
1322,2018-03-10,14:10:00,16.51595256,,,0
1323,2018-03-10,14:15:00,16.13951977,,1.19323314,0
1324,2018-03-10,14:20:00,17.06970611,,1.688871197,0
1325,2018-03-10,14:25:00,15.91931674,,2.953469105,0
1326,2018-03-10,14:30:00,17.31789586,,1.688871197,0
1327,2018-03-10,14:35:00,18.4738056,,1.19323314,0
1328,2018-03-10,14:40:00,19.26463875,,1.874215276,0
1329,2018-03-10,14:45:00,19.51241842,,1.19323314,0
1330,2018-03-10,14:50:00,17.23516594,,1.688871197,0
1331,2018-03-10,14:55:00,16.12358954,,,0
1332,2018-03-10,15:00:00,15.49891652,,1.34842289,0
1333,2018-03-10,15:05:00,14.63804717,,1.34842289,0
1334,2018-03-10,15:10:00,13.31800879,,,0
1335,2018-03-10,15:15:00,13.26105744,,,0
1336,2018-03-10,15:20:00,15.07146916,,3.456811513,0
1337,2018-03-10,15:25:00,11.9543626,,,0
1338,2018-03-10,15:30:00,12.82639889,,1.19323314,0
1339,2018-03-10,15:35:00,11.76560994,,1.51362054,0
1340,2018-03-10,15:40:00,11.42607848,,,0
1341,2018-03-10,15:45:00,12.87116755,,1.19323314,0
1342,2018-03-10,15:50:00,11.80755217,,1.19323314,0
1343,2018-03-10,15:55:00,12.47708218,,,0
1344,2018-03-10,16:00:00,12.8386068,,,0
1345,2018-03-10,16:05:00,13.67788046,,,0
1346,2018-03-10,16:10:00,13.08680286,,1.34842289,0
1347,2018-03-10,16:15:00,13.284161,,,0
1348,2018-03-10,16:20:00,13.83050778,,1.51362054,0
1349,2018-03-10,16:25:00,13.49209302,,1.688871197,0
1350,2018-03-10,16:30:00,14.65171877,,,0
1351,2018-03-10,16:35:00,12.79900521,,2.4911498,0
1352,2018-03-10,16:40:00,12.19301314,,1.51362054,0
1353,2018-03-10,16:45:00,12.66772754,,,0
1354,2018-03-10,16:50:00,12.93832055,,1.048001031,0
1355,2018-03-10,16:55:00,13.21355698,,,0
1356,2018-03-10,17:00:00,12.18952427,,,0
1357,2018-03-10,17:05:00,11.94820502,,,0
1358,2018-03-10,17:10:00,12.25856996,,,0
1359,2018-03-10,17:15:00,11.45685379,,1.048001031,0
1360,2018-03-10,17:20:00,11.67138502,,1.688871197,0
1361,2018-03-10,17:25:00,11.29230245,,,0
1362,2018-03-10,17:30:00,10.72173542,,0.671458623,0
1363,2018-03-10,17:35:00,12.79361732,,0.787179595,0
1364,2018-03-10,17:40:00,13.92966003,,,0
1365,2018-03-10,17:45:00,12.78345983,,,0
1366,2018-03-10,17:50:00,12.68197957,,,0
1367,2018-03-10,17:55:00,11.27173511,,,0
1368,2018-03-10,18:00:00,11.29929913,,1.874215276,0
1369,2018-03-10,18:05:00,11.5327826,,1.048001031,0
1370,2018-03-10,18:10:00,11.68443203,,,0
1371,2018-03-10,18:15:00,11.5327826,,,0
1372,2018-03-10,18:20:00,12.60294042,,1.19323314,0
1373,2018-03-10,18:25:00,12.08439109,,,0
1374,2018-03-10,18:30:00,12.45791543,,,0
1375,2018-03-10,18:35:00,13.15746366,,,0
1376,2018-03-10,18:40:00,11.56680704,,1.51362054,0
1377,2018-03-10,18:45:00,10.98817079,,,0
1378,2018-03-10,18:50:00,11.10264129,,,0
1379,2018-03-10,18:55:00,11.78988697,,1.874215276,0
1380,2018-03-10,19:00:00,12.31386835,,1.34842289,0
1381,2018-03-10,19:05:00,16.70380934,,,0
1382,2018-03-10,19:10:00,11.50325648,,,0
1383,2018-03-10,19:15:00,11.73414065,,,0
1384,2018-03-10,19:20:00,10.85446416,,2.953469105,0
1385,2018-03-10,19:25:00,10.11030499,,,0
1386,2018-03-10,19:30:00,10.5837702,,,0
1387,2018-03-10,19:35:00,9.875237958,,1.51362054,0
1388,2018-03-10,19:40:00,10.92801448,,0.304582372,0
1389,2018-03-10,19:45:00,11.87425092,,,0
1390,2018-03-10,19:50:00,9.15088905,,,0
1391,2018-03-10,19:55:00,10.76115405,,,0
1392,2018-03-10,20:00:00,9.807069213,,,0
1393,2018-03-10,20:05:00,11.21771745,,1.688871197,0
1394,2018-03-10,20:10:00,10.82775816,,0.671458623,0
1395,2018-03-10,20:15:00,9.949349781,,1.048001031,0
1396,2018-03-10,20:20:00,9.49775787,,0.177243437,0
1397,2018-03-10,20:25:00,9.557472555,,,0
1398,2018-03-10,20:30:00,10.03911423,,1.34842289,0
1399,2018-03-10,20:35:00,9.086896863,,,0
1400,2018-03-10,20:40:00,9.118769931,,,0
1401,2018-03-10,20:45:00,8.445303108,,0.177243437,0
1402,2018-03-10,20:50:00,8.915992362,,,0
1403,2018-03-10,20:55:00,8.865223839,,,0
1404,2018-03-10,21:00:00,10.5837702,,,0
1405,2018-03-10,21:05:00,9.962459883,,1.048001031,0
1406,2018-03-10,21:10:00,9.234331884,,,0
1407,2018-03-10,21:15:00,8.723744514,,1.048001031,0
1408,2018-03-10,21:20:00,9.904044852,,1.34842289,0
1409,2018-03-10,21:25:00,8.757768951,,0.912670609,0
1410,2018-03-10,21:30:00,8.606750418,,1.688871197,0
1411,2018-03-10,21:35:00,8.290537029,,,0
1412,2018-03-10,21:40:00,9.565901379,,0.304582372,0
1413,2018-03-10,21:45:00,9.097439202,,,0
1414,2018-03-10,21:50:00,9.69005619,,,0
1415,2018-03-10,21:55:00,8.051463783,,,0
1416,2018-03-10,22:00:00,10.06821134,,,0
1417,2018-03-10,22:05:00,10.98429076,,1.19323314,0
1418,2018-03-10,22:10:00,9.163973916,,,0
1419,2018-03-10,22:15:00,9.062979444,,,0
1420,2018-03-10,22:20:00,9.409229982,,0.085762994,0
1421,2018-03-10,22:25:00,9.550936431,,,0
1422,2018-03-10,22:30:00,11.05873696,,,0
1423,2018-03-10,22:35:00,9.200805858,,,0
1424,2018-03-10,22:40:00,8.890352586,,,0
1425,2018-03-10,22:45:00,8.474412834,,,0
1426,2018-03-10,22:50:00,14.86069808,,,0
1427,2018-03-10,22:55:00,9.253082232,,,0
1428,2018-03-10,23:00:00,9.954712431,,0.38209533,0
1429,2018-03-10,23:05:00,8.121632481,,0.671458623,0
1430,2018-03-10,23:10:00,8.158748328,,,0
1431,2018-03-10,23:15:00,9.039705543,,,0
1432,2018-03-10,23:20:00,8.501383809,,,0
1433,2018-03-10,23:25:00,8.353885698,,,0
1434,2018-03-10,23:30:00,7.696658241,,,0
1435,2018-03-10,23:35:00,7.719522057,,,0
1436,2018-03-10,23:40:00,8.472425499,,,0
1437,2018-03-10,23:45:00,8.977738545,,0.38209533,0
1438,2018-03-10,23:50:00,7.752486582,,0.304582372,0
1439,2018-03-10,23:55:00,7.05604869,,,0
