time,bf_03,bf_04,bl_ce193
2018-03-06 00:00:00,8.004581604,1.466,NA
2018-03-06 00:05:00,7.055569206,1.67,NA
2018-03-06 00:10:00,10.15790639,NA,NA
2018-03-06 00:15:00,7.669649412,1.67,NA
2018-03-06 00:20:00,7.718203476,NA,NA
2018-03-06 00:25:00,7.549343091,NA,NA
2018-03-06 00:30:00,7.684690068,NA,NA
2018-03-06 00:35:00,8.193832677,NA,NA
2018-03-06 00:40:00,7.885328886,1.466,NA
2018-03-06 00:45:00,6.805631862,1.466,NA
2018-03-06 00:50:00,7.114173507,1.466,NA
2018-03-06 00:55:00,7.071657156,1.67,NA
2018-03-06 01:00:00,6.677325729,1.67,NA
2018-03-06 01:05:00,7.378785585,1.67,NA
2018-03-06 01:10:00,7.233533478,NA,NA
2018-03-06 01:15:00,7.632546183,1.466,NA
2018-03-06 01:20:00,7.785135657,NA,NA
2018-03-06 01:25:00,13.51690001,NA,NA
2018-03-06 01:30:00,9.641155131,1.89,NA
2018-03-06 01:35:00,8.37866745,1.67,NA
2018-03-06 01:40:00,9.323989083,1.67,NA
2018-03-06 01:45:00,7.89710148,1.67,NA
2018-03-06 01:50:00,7.62751791,2.123,NA
2018-03-06 01:55:00,6.783152895,2.123,NA
2018-03-06 02:00:00,7.990739658,1.67,NA
2018-03-06 02:05:00,8.02990593,1.67,NA
2018-03-06 02:10:00,7.206884262,1.89,NA
2018-03-06 02:15:00,7.36834419,1.89,NA
2018-03-06 02:20:00,7.306156377,1.89,NA
2018-03-06 02:25:00,7.612534035,NA,NA
2018-03-06 02:30:00,7.238662695,1.89,NA
2018-03-06 02:35:00,7.229590353,1.89,NA
2018-03-06 02:40:00,6.935281812,1.89,NA
2018-03-06 02:45:00,6.690896388,1.89,NA
2018-03-06 02:50:00,6.992952381,1.89,NA
2018-03-06 02:55:00,7.474991526,1.67,NA
2018-03-06 03:00:00,8.850782538,1.67,NA
2018-03-06 03:05:00,7.085858715,1.67,NA
2018-03-06 03:10:00,6.462769257,NA,NA
2018-03-06 03:15:00,6.057182574,1.89,NA
2018-03-06 03:20:00,6.789064428,NA,NA
2018-03-06 03:25:00,6.928751997,1.89,NA
2018-03-06 03:30:00,6.638802975,1.67,NA
2018-03-06 03:35:00,7.139308563,1.67,NA
2018-03-06 03:40:00,6.460573725,1.67,NA
2018-03-06 03:45:00,6.382108692,1.67,NA
2018-03-06 03:50:00,6.684536916,1.67,NA
2018-03-06 03:55:00,6.670865313,NA,NA
2018-03-06 04:00:00,7.121258514,1.466,NA
2018-03-06 04:05:00,6.739866846,NA,NA
2018-03-06 04:10:00,7.174752525,1.466,NA
2018-03-06 04:15:00,6.767840952,NA,NA
2018-03-06 04:20:00,8.009742366,1.466,NA
2018-03-06 04:25:00,7.35219315,2.371,NA
2018-03-06 04:30:00,9.940618125,2.371,NA
2018-03-06 04:35:00,7.724304279,2.123,NA
2018-03-06 04:40:00,8.439940458,2.123,NA
2018-03-06 04:45:00,9.011687274,2.123,NA
2018-03-06 04:50:00,9.885212487,NA,NA
2018-03-06 04:55:00,10.41073326,2.123,NA
2018-03-06 05:00:00,9.875137014,2.123,NA
2018-03-06 05:05:00,9.544375071,2.123,NA
2018-03-06 05:10:00,10.47646042,1.89,NA
2018-03-06 05:15:00,13.57091136,1.67,NA
2018-03-06 05:20:00,12.12615036,1.67,NA
2018-03-06 05:25:00,12.58332574,1.67,NA
2018-03-06 05:30:00,13.81771944,1.89,NA
2018-03-06 05:35:00,14.03139265,1.89,NA
2018-03-06 05:40:00,12.77910662,2.371,NA
2018-03-06 05:45:00,13.21230149,2.371,NA
2018-03-06 05:50:00,15.05437177,2.371,NA
2018-03-06 05:55:00,14.74391219,2.371,NA
2018-03-06 06:00:00,14.34346103,2.371,NA
2018-03-06 06:05:00,15.25311158,3.833,NA
2018-03-06 06:10:00,14.79456084,3.833,NA
2018-03-06 06:15:00,13.4213439,3.833,NA
2018-03-06 06:20:00,14.53866149,2.371,NA
2018-03-06 06:25:00,14.32057829,2.123,NA
2018-03-06 06:30:00,14.08061547,2.634,NA
2018-03-06 06:35:00,14.51604372,2.634,NA
2018-03-06 06:40:00,21.01388471,2.634,NA
2018-03-06 06:45:00,23.2370249,2.123,NA
2018-03-06 06:50:00,14.45675174,2.123,NA
2018-03-06 06:55:00,15.00926242,2.123,NA
2018-03-06 07:00:00,13.95097183,1.275,NA
2018-03-06 07:05:00,13.36468908,1.275,NA
2018-03-06 07:10:00,13.45671215,1.466,NA
2018-03-06 07:15:00,13.56221756,1.67,NA
2018-03-06 07:20:00,17.37052554,1.275,NA
2018-03-06 07:25:00,14.46733193,1.466,NA
2018-03-06 07:30:00,14.15381249,1.466,NA
2018-03-06 07:35:00,12.72879866,1.466,NA
2018-03-06 07:40:00,13.73804308,1.466,NA
2018-03-06 07:45:00,12.70696321,1.275,NA
2018-03-06 07:50:00,12.38771519,1.099,NA
2018-03-06 07:55:00,13.39938227,1.099,NA
2018-03-06 08:00:00,13.2702118,NA,NA
2018-03-06 08:05:00,13.44590483,1.099,NA
2018-03-06 08:10:00,12.80499876,1.275,NA
2018-03-06 08:15:00,13.05015388,1.275,NA
2018-03-06 08:20:00,11.7320776,1.275,NA
2018-03-06 08:25:00,11.90709557,1.275,NA
2018-03-06 08:30:00,13.58409086,1.466,NA
2018-03-06 08:35:00,13.11025973,1.89,NA
2018-03-06 08:40:00,11.33835815,1.89,NA
2018-03-06 08:45:00,11.0610776,1.89,NA
2018-03-06 08:50:00,13.8844245,1.67,NA
2018-03-06 08:55:00,12.01796363,1.67,NA
2018-03-06 09:00:00,11.63441428,2.123,NA
2018-03-06 09:05:00,11.35261018,2.371,NA
2018-03-06 09:10:00,13.57271573,2.371,NA
2018-03-06 09:15:00,13.81910742,2.371,NA
2018-03-06 09:20:00,10.3812513,2.123,NA
2018-03-06 09:25:00,9.744931872,NA,NA
2018-03-06 09:30:00,11.46117545,1.89,NA
2018-03-06 09:35:00,12.28992569,2.634,NA
2018-03-06 09:40:00,12.43488128,3.204,NA
2018-03-06 09:45:00,10.6706893,2.123,NA
2018-03-06 09:50:00,9.972440721,2.123,NA
2018-03-06 09:55:00,11.14166876,2.911,NA
2018-03-06 10:00:00,10.92703028,2.911,NA
2018-03-06 10:05:00,10.99292147,2.911,NA
2018-03-06 10:10:00,10.00401727,2.634,NA
2018-03-06 10:15:00,11.2570793,2.371,NA
2018-03-06 10:20:00,10.49702776,2.371,NA
2018-03-06 10:25:00,12.15499511,2.123,NA
2018-03-06 10:30:00,10.877839,2.123,NA
2018-03-06 10:35:00,11.59659814,2.371,NA
2018-03-06 10:40:00,11.57581629,2.634,NA
2018-03-06 10:45:00,11.54109155,2.911,NA
2018-03-06 10:50:00,11.7628529,2.634,NA
2018-03-06 10:55:00,12.31207659,2.634,NA
2018-03-06 11:00:00,12.11767737,4.891,NA
2018-03-06 11:05:00,10.64554162,NA,NA
2018-03-06 11:10:00,10.27334217,3.204,NA
2018-03-06 11:15:00,10.70608279,2.911,NA
2018-03-06 11:20:00,11.15502492,2.371,NA
2018-03-06 11:25:00,10.01711475,2.371,NA
2018-03-06 11:30:00,11.84378476,2.371,NA
2018-03-06 11:35:00,10.45198781,2.371,NA
2018-03-06 11:40:00,12.32285236,2.371,NA
2018-03-06 11:45:00,12.59032873,2.371,NA
2018-03-06 11:50:00,11.72807139,2.371,NA
2018-03-06 11:55:00,14.73902271,2.371,NA
2018-03-06 12:00:00,11.95267179,3.511,NA
2018-03-06 12:05:00,11.92322768,3.511,NA
2018-03-06 12:10:00,12.10482594,NA,NA
2018-03-06 12:15:00,11.98430511,2.911,NA
2018-03-06 12:20:00,13.36856911,2.634,NA
2018-03-06 12:25:00,12.88622083,2.911,NA
2018-03-06 12:30:00,11.90368871,3.204,NA
2018-03-06 12:35:00,11.17952276,2.634,NA
2018-03-06 12:40:00,12.13251614,2.123,NA
2018-03-06 12:45:00,10.32564378,2.123,NA
2018-03-06 12:50:00,11.96584498,2.123,NA
2018-03-06 12:55:00,10.93393232,2.123,NA
2018-03-06 13:00:00,11.46233631,2.123,NA
2018-03-06 13:05:00,10.46400646,2.123,NA
2018-03-06 13:10:00,10.02095062,2.123,NA
2018-03-06 13:15:00,14.29961979,NA,NA
2018-03-06 13:20:00,11.2184556,1.466,NA
2018-03-06 13:25:00,9.457897608,1.466,NA
2018-03-06 13:30:00,13.01126521,1.67,NA
2018-03-06 13:35:00,10.52645925,1.67,NA
2018-03-06 13:40:00,9.662933799,1.67,NA
2018-03-06 13:45:00,10.21294611,1.67,NA
2018-03-06 13:50:00,11.00569089,NA,NA
2018-03-06 13:55:00,9.617149386,1.67,NA
2018-03-06 14:00:00,10.98290278,1.67,NA
2018-03-06 14:05:00,9.973260891,1.67,NA
2018-03-06 14:10:00,10.53100804,1.67,NA
2018-03-06 14:15:00,10.60843839,1.67,NA
2018-03-06 14:20:00,10.47738785,NA,NA
2018-03-06 14:25:00,11.14243215,1.67,NA
2018-03-06 14:30:00,10.38144057,1.67,NA
2018-03-06 14:35:00,9.377274897,2.123,NA
2018-03-06 14:40:00,13.45004985,2.123,NA
2018-03-06 14:45:00,10.68189408,1.89,NA
2018-03-06 14:50:00,10.48043509,1.89,NA
2018-03-06 14:55:00,10.08099968,1.89,NA
2018-03-06 15:00:00,10.18340106,NA,NA
2018-03-06 15:05:00,10.32387095,2.123,NA
2018-03-06 15:10:00,10.46708525,2.371,NA
2018-03-06 15:15:00,11.84919788,2.123,NA
2018-03-06 15:20:00,10.16159085,2.123,NA
2018-03-06 15:25:00,10.36897399,2.634,NA
2018-03-06 15:30:00,9.729399114,2.634,NA
2018-03-06 15:35:00,9.099243576,2.634,NA
2018-03-06 15:40:00,10.64715673,2.634,NA
2018-03-06 15:45:00,9.836507007,1.89,NA
2018-03-06 15:50:00,10.23700233,NA,NA
2018-03-06 15:55:00,11.29858621,NA,NA
2018-03-06 16:00:00,9.514785861,2.123,NA
2018-03-06 16:05:00,12.5603042,2.123,NA
2018-03-06 16:10:00,10.56472333,NA,NA
2018-03-06 16:15:00,9.836507007,1.67,NA
2018-03-06 16:20:00,9.911256039,1.67,NA
2018-03-06 16:25:00,12.07820196,1.67,NA
2018-03-06 16:30:00,10.77499599,1.67,NA
2018-03-06 16:35:00,12.21948571,1.89,NA
2018-03-06 16:40:00,11.12668489,1.89,NA
2018-03-06 16:45:00,10.61358023,2.123,NA
2018-03-06 16:50:00,9.973065312,2.123,NA
2018-03-06 16:55:00,11.56767768,2.123,NA
2018-03-06 17:00:00,11.60914043,2.371,NA
2018-03-06 17:05:00,12.60422114,2.634,NA
2018-03-06 17:10:00,15.5518932,NA,NA
2018-03-06 17:15:00,12.39373398,2.634,NA
2018-03-06 17:20:00,11.56767768,3.511,NA
2018-03-06 17:25:00,13.2197398,3.511,1.51362054
2018-03-06 17:30:00,13.33802724,2.911,1.51362054
2018-03-06 17:35:00,12.70606733,2.911,NA
2018-03-06 17:40:00,11.61446522,2.911,NA
2018-03-06 17:45:00,12.8388844,2.911,NA
2018-03-06 17:50:00,14.64158651,3.511,NA
2018-03-06 17:55:00,16.04113091,3.833,1.51362054
2018-03-06 18:00:00,14.30389098,3.833,1.51362054
2018-03-06 18:05:00,15.21304312,3.833,NA
2018-03-06 18:10:00,14.21505395,4.523,1.51362054
2018-03-06 18:15:00,12.6966543,4.523,1.51362054
2018-03-06 18:20:00,11.33375258,4.171,1.51362054
2018-03-06 18:25:00,12.5603042,4.171,NA
2018-03-06 18:30:00,13.96842252,3.204,1.51362054
2018-03-06 18:35:00,14.02645901,2.911,NA
2018-03-06 18:40:00,13.49611186,3.204,1.51362054
2018-03-06 18:45:00,17.58217356,3.511,NA
2018-03-06 18:50:00,13.24012418,3.511,1.51362054
2018-03-06 18:55:00,12.37975954,4.171,NA
2018-03-06 19:00:00,13.46260476,4.171,1.51362054
2018-03-06 19:05:00,12.59538854,3.204,1.51362054
2018-03-06 19:10:00,13.84838749,2.911,NA
2018-03-06 19:15:00,13.46071837,3.511,NA
2018-03-06 19:20:00,13.56600927,3.511,NA
2018-03-06 19:25:00,12.87596239,3.511,NA
2018-03-06 19:30:00,11.82178527,3.511,1.51362054
2018-03-06 19:35:00,12.30392536,3.511,1.51362054
2018-03-06 19:40:00,13.62234233,NA,1.51362054
2018-03-06 19:45:00,13.05636194,4.523,1.51362054
2018-03-06 19:50:00,12.54885967,4.523,1.51362054
2018-03-06 19:55:00,12.55709291,4.523,1.51362054
2018-03-06 20:00:00,13.49442735,4.523,1.51362054
2018-03-06 20:05:00,12.79389492,4.523,1.51362054
2018-03-06 20:10:00,11.78246128,4.523,1.51362054
2018-03-06 20:15:00,11.34729169,3.833,NA
2018-03-06 20:20:00,11.98668992,3.833,1.51362054
2018-03-06 20:25:00,10.53225722,3.833,NA
2018-03-06 20:30:00,11.3306801,3.204,NA
2018-03-06 20:35:00,12.22503132,NA,1.51362054
2018-03-06 20:40:00,10.94347784,3.204,1.51362054
2018-03-06 20:45:00,13.51963812,3.204,1.51362054
2018-03-06 20:50:00,13.70667473,3.204,1.51362054
2018-03-06 20:55:00,11.25453047,3.511,NA
2018-03-06 21:00:00,12.08351414,3.511,1.51362054
2018-03-06 21:05:00,14.02350009,3.511,NA
2018-03-06 21:10:00,13.06735853,3.204,1.51362054
2018-03-06 21:15:00,10.8412468,3.204,1.51362054
2018-03-06 21:20:00,10.4678928,3.511,1.51362054
2018-03-06 21:25:00,11.35554386,3.204,1.51362054
2018-03-06 21:30:00,11.63095695,2.911,1.51362054
2018-03-06 21:35:00,11.4785252,2.911,1.51362054
2018-03-06 21:40:00,12.21187705,3.204,1.51362054
2018-03-06 21:45:00,11.53034733,3.204,1.51362054
2018-03-06 21:50:00,11.41310718,NA,1.51362054
2018-03-06 21:55:00,11.59957598,3.204,NA
2018-03-06 22:00:00,12.41254742,3.204,1.51362054
2018-03-06 22:05:00,13.3869977,3.204,NA
2018-03-06 22:10:00,13.37725661,3.204,NA
2018-03-06 22:15:00,11.70407826,3.204,1.51362054
2018-03-06 22:20:00,12.02697919,3.204,1.51362054
2018-03-06 22:25:00,11.50979261,2.911,1.51362054
2018-03-06 22:30:00,11.83315409,2.911,1.51362054
2018-03-06 22:35:00,11.13106964,3.204,1.51362054
2018-03-06 22:40:00,13.72505916,2.634,NA
2018-03-06 22:45:00,17.08625462,2.634,1.51362054
2018-03-06 22:50:00,11.57581629,2.634,1.51362054
2018-03-06 22:55:00,10.50100874,2.634,1.51362054
2018-03-06 23:00:00,10.58530329,2.371,1.51362054
2018-03-06 23:05:00,9.74096982,2.371,NA
2018-03-06 23:10:00,9.075420792,NA,NA
2018-03-06 23:15:00,8.75279115,0,1.51362054
2018-03-06 23:20:00,7.811059338,2.371,NA
2018-03-06 23:25:00,7.907372532,NA,1.51362054
2018-03-06 23:30:00,7.905896226,NA,1.51362054
2018-03-06 23:35:00,9.775372797,2.123,NA
2018-03-06 23:40:00,10.2866163,2.123,1.51362054
2018-03-06 23:45:00,10.97642975,2.371,1.51362054
2018-03-06 23:50:00,11.1504572,2.371,1.51362054
2018-03-06 23:55:00,10.6669733,2.911,NA
2018-03-07 00:00:00,9.822538881,2.911,1.51362054
2018-03-07 00:05:00,9.467802738,NA,1.51362054
2018-03-07 00:10:00,10.28476777,2.371,1.51362054
2018-03-07 00:15:00,13.32662688,2.371,1.51362054
2018-03-07 00:20:00,9.468768015,NA,1.51362054
2018-03-07 00:25:00,8.218917261,NA,NA
2018-03-07 00:30:00,7.821601677,2.123,1.51362054
2018-03-07 00:35:00,8.02530036,1.67,1.51362054
2018-03-07 00:40:00,7.55180991,NA,1.51362054
2018-03-07 00:45:00,7.265356074,1.89,1.51362054
2018-03-07 00:50:00,7.189073955,1.89,1.51362054
2018-03-07 00:55:00,7.028068275,NA,1.51362054
2018-03-07 01:00:00,8.7455358,1.67,1.51362054
2018-03-07 01:05:00,9.25877295,NA,1.51362054
2018-03-07 01:10:00,7.528176396,1.89,1.51362054
2018-03-07 01:15:00,7.283431359,2.371,1.51362054
2018-03-07 01:20:00,7.117466805,2.371,1.51362054
2018-03-07 01:25:00,6.939262791,2.123,1.51362054
2018-03-07 01:30:00,7.37118324,2.123,1.51362054
2018-03-07 01:35:00,7.331341905,2.123,1.51362054
2018-03-07 01:40:00,7.638230592,1.89,1.51362054
2018-03-07 01:45:00,7.8748938,NA,NA
2018-03-07 01:50:00,10.92227329,1.89,1.51362054
2018-03-07 01:55:00,10.8720915,1.89,1.51362054
2018-03-07 02:00:00,7.326805734,NA,1.51362054
2018-03-07 02:05:00,7.139308563,2.123,1.51362054
2018-03-07 02:10:00,7.903132884,2.123,1.51362054
2018-03-07 02:15:00,6.774011154,NA,1.51362054
2018-03-07 02:20:00,6.875914122,1.67,1.51362054
2018-03-07 02:25:00,7.249697136,1.67,1.51362054
2018-03-07 02:30:00,7.127252064,1.67,1.51362054
2018-03-07 02:35:00,7.250883228,1.89,1.51362054
2018-03-07 02:40:00,6.897206997,NA,NA
2018-03-07 02:45:00,6.234888177,NA,NA
2018-03-07 02:50:00,6.691287546,1.89,1.51362054
2018-03-07 02:55:00,6.777985824,NA,1.51362054
2018-03-07 03:00:00,6.266559357,NA,1.51362054
2018-03-07 03:05:00,6.354746559,NA,1.51362054
2018-03-07 03:10:00,7.264403415,1.89,1.51362054
2018-03-07 03:15:00,6.889333365,1.89,1.51362054
2018-03-07 03:20:00,6.301454436,NA,NA
2018-03-07 03:25:00,6.823088865,NA,1.51362054
2018-03-07 03:30:00,12.06625271,1.89,1.51362054
2018-03-07 03:35:00,6.594911262,1.89,1.51362054
2018-03-07 03:40:00,6.69473226,1.89,1.51362054
2018-03-07 03:45:00,6.889333365,1.89,NA
2018-03-07 03:50:00,7.58127294,NA,1.51362054
2018-03-07 03:55:00,7.191023436,1.67,1.51362054
2018-03-07 04:00:00,8.272341873,1.67,1.51362054
2018-03-07 04:05:00,7.624382337,2.123,1.51362054
2018-03-07 04:10:00,7.51017051,NA,1.51362054
2018-03-07 04:15:00,7.030661274,2.123,1.51362054
2018-03-07 04:20:00,6.969659553,NA,NA
2018-03-07 04:25:00,7.667018559,2.123,NA
2018-03-07 04:30:00,7.0730199,2.371,1.51362054
2018-03-07 04:35:00,9.385407198,2.371,NA
2018-03-07 04:40:00,9.988389873,2.123,1.51362054
2018-03-07 04:45:00,8.400099123,2.123,NA
2018-03-07 04:50:00,8.238191256,NA,1.51362054
2018-03-07 04:55:00,8.5846563,2.371,NA
2018-03-07 05:00:00,9.297560682,2.371,1.51362054
2018-03-07 05:05:00,12.55073344,2.371,1.51362054
2018-03-07 05:10:00,11.13890542,2.634,NA
2018-03-07 05:15:00,10.39212171,2.634,NA
2018-03-07 05:20:00,12.75142904,2.634,NA
2018-03-07 05:25:00,11.84799286,2.634,1.51362054
2018-03-07 05:30:00,13.33781905,3.204,NA
2018-03-07 05:35:00,14.65785112,3.204,1.51362054
2018-03-07 05:40:00,12.87900964,4.171,1.51362054
2018-03-07 05:45:00,14.25869961,4.523,NA
2018-03-07 05:50:00,14.65958609,4.523,1.51362054
2018-03-07 05:55:00,20.09429118,5.673,1.51362054
2018-03-07 06:00:00,25.53092051,6.087,NA
2018-03-07 06:05:00,27.51036296,8.389,1.51362054
2018-03-07 06:10:00,29.35025032,8.897,1.51362054
2018-03-07 06:15:00,31.60387559,8.897,NA
2018-03-07 06:20:00,33.39235091,12.893,1.51362054
2018-03-07 06:25:00,35.6099581,12.893,NA
2018-03-07 06:30:00,37.68999755,12.893,NA
2018-03-07 06:35:00,38.77478593,13.528,1.51362054
2018-03-07 06:40:00,36.54572791,13.528,1.51362054
2018-03-07 06:45:00,27.8272451,12.275,1.51362054
2018-03-07 06:50:00,24.77267966,11.672,1.51362054
2018-03-07 06:55:00,22.18913785,9.42,1.51362054
2018-03-07 07:00:00,19.56278948,8.897,1.51362054
2018-03-07 07:05:00,18.32567659,6.961,1.51362054
2018-03-07 07:10:00,17.85170666,6.961,1.51362054
2018-03-07 07:15:00,16.31308036,6.961,1.51362054
2018-03-07 07:20:00,15.73510656,6.961,1.51362054
2018-03-07 07:25:00,14.80595489,6.516,1.51362054
2018-03-07 07:30:00,15.01176709,5.274,1.51362054
2018-03-07 07:35:00,15.58062438,5.274,NA
2018-03-07 07:40:00,13.85169971,4.891,1.51362054
2018-03-07 07:45:00,13.38396938,4.891,1.51362054
2018-03-07 07:50:00,14.18504204,6.087,1.51362054
2018-03-07 07:55:00,15.01553356,6.087,NA
2018-03-07 08:00:00,14.81632058,6.087,NA
2018-03-07 08:05:00,15.44257715,7.421,1.51362054
2018-03-07 08:10:00,13.88543394,7.421,1.51362054
2018-03-07 08:15:00,17.64551592,5.673,NA
2018-03-07 08:20:00,13.05158603,5.673,NA
2018-03-07 08:25:00,13.31145374,6.516,NA
2018-03-07 08:30:00,14.68406501,0,1.51362054
2018-03-07 08:35:00,12.23499954,6.087,NA
2018-03-07 08:40:00,13.29393995,6.087,NA
2018-03-07 08:45:00,13.36282792,5.673,1.51362054
2018-03-07 08:50:00,14.59994081,5.673,NA
2018-03-07 08:55:00,12.81504269,5.673,1.51362054
2018-03-07 09:00:00,14.47786796,5.673,NA
2018-03-07 09:05:00,12.00545919,5.673,NA
2018-03-07 09:10:00,14.64877247,5.673,NA
2018-03-07 09:15:00,11.74600787,5.673,1.51362054
2018-03-07 09:20:00,13.37506107,5.673,NA
2018-03-07 09:25:00,12.19026242,4.891,1.51362054
2018-03-07 09:30:00,14.99966012,4.523,1.51362054
2018-03-07 09:35:00,12.71352457,4.523,1.51362054
2018-03-07 09:40:00,15.63632024,5.274,NA
2018-03-07 09:45:00,15.78215908,5.274,NA
2018-03-07 09:50:00,11.50500407,5.274,1.51362054
2018-03-07 09:55:00,11.52629064,5.274,1.51362054
2018-03-07 10:00:00,11.42387033,5.274,1.51362054
2018-03-07 10:05:00,12.80499876,NA,1.51362054
2018-03-07 10:10:00,11.86717853,4.171,1.51362054
2018-03-07 10:15:00,14.0578526,4.171,NA
2018-03-07 10:20:00,13.08769874,4.171,1.51362054
2018-03-07 10:25:00,12.76062756,4.523,NA
2018-03-07 10:30:00,13.43561486,4.523,NA
2018-03-07 10:35:00,13.81023697,4.523,1.51362054
2018-03-07 10:40:00,13.12327519,4.523,1.51362054
2018-03-07 10:45:00,12.51496141,4.523,1.51362054
2018-03-07 10:50:00,11.52388691,4.891,1.51362054
2018-03-07 10:55:00,12.82951553,4.891,1.51362054
2018-03-07 11:00:00,12.48084234,NA,1.51362054
2018-03-07 11:05:00,11.32740572,4.891,NA
2018-03-07 11:10:00,10.65013457,5.673,NA
2018-03-07 11:15:00,12.88649842,5.673,NA
2018-03-07 11:20:00,12.51562386,4.891,1.51362054
2018-03-07 11:25:00,11.64400396,4.891,1.51362054
2018-03-07 11:30:00,12.19358726,5.274,1.51362054
2018-03-07 11:35:00,11.44335884,2.911,NA
2018-03-07 11:40:00,12.21809142,NA,1.51362054
2018-03-07 11:45:00,12.06432847,2.371,1.51362054
2018-03-07 11:50:00,11.53731877,2.371,NA
2018-03-07 11:55:00,12.77436226,3.204,1.51362054
2018-03-07 12:00:00,13.41258701,3.204,1.51362054
2018-03-07 12:05:00,14.2406748,3.204,1.51362054
2018-03-07 12:10:00,12.97692532,2.911,NA
2018-03-07 12:15:00,11.99505565,2.911,1.51362054
2018-03-07 12:20:00,12.06885202,2.911,NA
2018-03-07 12:25:00,13.10396334,2.911,1.51362054
2018-03-07 12:30:00,14.33855894,2.911,NA
2018-03-07 12:35:00,12.50589538,2.911,NA
2018-03-07 12:40:00,11.44731458,2.911,NA
2018-03-07 12:45:00,12.38291404,2.911,1.51362054
2018-03-07 12:50:00,13.330917,2.634,NA
2018-03-07 12:55:00,12.04752129,2.634,NA
2018-03-07 13:00:00,11.32709658,2.634,NA
2018-03-07 13:05:00,12.09543815,1.89,1.51362054
2018-03-07 13:10:00,11.73766738,1.89,1.51362054
2018-03-07 13:15:00,10.03141725,NA,1.51362054
2018-03-07 13:20:00,10.92509341,2.123,1.51362054
2018-03-07 13:25:00,11.4061799,2.123,NA
2018-03-07 13:30:00,11.26954589,NA,1.51362054
2018-03-07 13:35:00,10.85896247,2.123,NA
2018-03-07 13:40:00,12.3810592,2.123,1.51362054
2018-03-07 13:45:00,9.978806502,2.123,NA
2018-03-07 13:50:00,12.42496353,NA,1.51362054
2018-03-07 13:55:00,12.95185335,1.89,NA
2018-03-07 14:00:00,10.60727123,1.89,1.51362054
2018-03-07 14:05:00,10.35959882,2.123,NA
2018-03-07 14:10:00,13.19088244,2.123,1.51362054
2018-03-07 14:15:00,10.40984369,2.123,1.51362054
2018-03-07 14:20:00,8.447359842,2.123,NA
2018-03-07 14:25:00,8.950218687,2.123,NA
2018-03-07 14:30:00,9.857402415,2.123,1.51362054
2018-03-07 14:35:00,11.1497569,2.123,1.51362054
2018-03-07 14:40:00,12.17379593,2.123,NA
2018-03-07 14:45:00,12.43654054,2.123,1.51362054
2018-03-07 14:50:00,13.39998793,2.123,NA
2018-03-07 14:55:00,12.29325053,2.123,NA
2018-03-07 15:00:00,11.46783145,2.123,1.51362054
2018-03-07 15:05:00,11.46089786,2.123,NA
2018-03-07 15:10:00,10.96908607,2.123,1.51362054
2018-03-07 15:15:00,10.1454335,2.123,1.51362054
2018-03-07 15:20:00,10.71307316,2.123,1.51362054
2018-03-07 15:25:00,10.98468823,1.89,1.51362054
2018-03-07 15:30:00,12.65813786,1.89,NA
2018-03-07 15:35:00,10.16775474,1.89,1.51362054
2018-03-07 15:40:00,10.10840598,2.123,1.51362054
2018-03-07 15:45:00,11.50234799,NA,NA
2018-03-07 15:50:00,10.32123379,2.123,NA
2018-03-07 15:55:00,11.44016648,2.371,1.51362054
2018-03-07 16:00:00,11.61967646,NA,NA
2018-03-07 16:05:00,10.72695296,1.89,1.51362054
2018-03-07 16:10:00,10.62507523,NA,1.51362054
2018-03-07 16:15:00,10.99920524,1.89,1.51362054
2018-03-07 16:20:00,10.16394411,2.123,NA
2018-03-07 16:25:00,10.98468823,NA,NA
2018-03-07 16:30:00,11.04427673,2.123,NA
2018-03-07 16:35:00,12.27547808,2.123,NA
2018-03-07 16:40:00,12.73756186,2.123,1.51362054
2018-03-07 16:45:00,11.98378147,2.371,1.51362054
2018-03-07 16:50:00,11.90961286,2.634,1.51362054
2018-03-07 16:55:00,11.36795998,2.911,1.51362054
2018-03-07 17:00:00,11.9129314,2.634,1.51362054
2018-03-07 17:05:00,12.28327601,2.634,1.51362054
2018-03-07 17:10:00,13.3663862,2.634,1.51362054
2018-03-07 17:15:00,16.01711886,2.634,1.51362054
2018-03-07 17:20:00,15.19300573,2.634,NA
2018-03-07 17:25:00,14.83760714,6.516,NA
2018-03-07 17:30:00,13.92639197,7.897,NA
2018-03-07 17:35:00,20.65806342,6.961,1.51362054
2018-03-07 17:40:00,45.49925882,6.516,1.51362054
2018-03-07 17:45:00,36.96735838,8.389,1.51362054
2018-03-07 17:50:00,28.40200131,9.42,NA
2018-03-07 17:55:00,24.65934478,8.897,NA
2018-03-07 18:00:00,21.81143064,6.961,1.51362054
2018-03-07 18:05:00,19.91609348,6.087,1.51362054
2018-03-07 18:10:00,18.14949146,6.087,NA
2018-03-07 18:15:00,17.29702569,6.087,1.51362054
2018-03-07 18:20:00,16.24390217,6.087,1.51362054
2018-03-07 18:25:00,17.7248516,5.673,1.51362054
2018-03-07 18:30:00,15.29807582,4.171,1.51362054
2018-03-07 18:35:00,14.86055929,4.171,1.51362054
2018-03-07 18:40:00,13.96546991,4.171,NA
2018-03-07 18:45:00,15.01041696,4.171,1.51362054
2018-03-07 18:50:00,15.46187639,4.171,1.51362054
2018-03-07 18:55:00,17.62887909,4.523,1.51362054
2018-03-07 19:00:00,14.94581911,5.673,NA
2018-03-07 19:05:00,15.04632148,4.523,1.51362054
2018-03-07 19:10:00,12.97570768,4.523,1.51362054
2018-03-07 19:15:00,14.98588757,4.523,NA
2018-03-07 19:20:00,13.83078538,4.523,1.51362054
2018-03-07 19:25:00,13.78650251,4.523,1.51362054
2018-03-07 19:30:00,13.97563371,4.523,1.51362054
2018-03-07 19:35:00,14.59560652,6.087,1.51362054
2018-03-07 19:40:00,22.54316108,6.087,1.51362054
2018-03-07 19:45:00,37.46558011,6.087,NA
2018-03-07 19:50:00,35.21195483,8.897,NA
2018-03-07 19:55:00,28.25286917,9.42,NA
2018-03-07 20:00:00,22.07187247,9.959,1.51362054
2018-03-07 20:05:00,19.8094209,9.42,1.51362054
2018-03-07 20:10:00,18.69718837,8.897,1.51362054
2018-03-07 20:15:00,18.19648089,8.389,NA
2018-03-07 20:20:00,15.06734938,8.389,1.51362054
2018-03-07 20:25:00,19.05868776,7.897,1.51362054
2018-03-07 20:30:00,14.39898654,6.961,1.51362054
2018-03-07 20:35:00,13.65326274,6.961,1.51362054
2018-03-07 20:40:00,12.80233636,6.961,NA
2018-03-07 20:45:00,13.93381135,6.516,1.51362054
2018-03-07 20:50:00,13.14222743,4.523,NA
2018-03-07 20:55:00,13.37342704,4.523,NA
2018-03-07 21:00:00,13.40597517,4.523,1.51362054
2018-03-07 21:05:00,13.51183388,4.523,1.51362054
2018-03-07 21:10:00,13.96846038,3.833,NA
2018-03-07 21:15:00,13.03771884,3.833,1.51362054
2018-03-07 21:20:00,12.23011637,3.833,1.51362054
2018-03-07 21:25:00,13.49568915,4.891,NA
2018-03-07 21:30:00,12.07939436,4.523,NA
2018-03-07 21:35:00,13.02428698,4.523,1.51362054
2018-03-07 21:40:00,12.6878911,3.511,1.51362054
2018-03-07 21:45:00,11.23395051,3.511,1.51362054
2018-03-07 21:50:00,15.68395319,3.833,1.51362054
2018-03-07 21:55:00,11.9144771,3.833,1.51362054
2018-03-07 22:00:00,11.02029622,4.171,1.51362054
2018-03-07 22:05:00,12.07692754,3.833,NA
2018-03-07 22:10:00,11.57360183,3.833,1.51362054
2018-03-07 22:15:00,9.963557649,3.511,1.51362054
2018-03-07 22:20:00,10.98501629,NA,1.51362054
2018-03-07 22:25:00,11.51465684,2.911,1.51362054
2018-03-07 22:30:00,10.11611558,NA,NA
2018-03-07 22:35:00,9.003649608,NA,NA
2018-03-07 22:40:00,9.278065872,2.911,1.51362054
2018-03-07 22:45:00,9.451096506,NA,1.51362054
2018-03-07 22:50:00,10.11611558,3.204,1.51362054
2018-03-07 22:55:00,9.341446086,3.204,NA
2018-03-07 23:00:00,9.151469478,3.511,NA
2018-03-07 23:05:00,10.11363614,3.511,1.51362054
2018-03-07 23:10:00,9.959482035,3.204,1.51362054
2018-03-07 23:15:00,8.731094499,3.204,1.51362054
2018-03-07 23:20:00,8.560480212,2.911,NA
2018-03-07 23:25:00,8.911512972,NA,1.51362054
2018-03-07 23:30:00,10.48015119,NA,1.51362054
2018-03-07 23:35:00,8.412780213,2.911,NA
2018-03-07 23:40:00,7.991458884,2.911,1.51362054
2018-03-07 23:45:00,8.776992474,2.911,1.51362054
2018-03-07 23:50:00,7.926728544,2.911,1.51362054
2018-03-07 23:55:00,7.801034337,2.911,1.51362054
2018-03-08 00:00:00,7.222745088,2.634,NA
2018-03-08 00:05:00,7.364502009,2.634,NA
2018-03-08 00:10:00,7.54083225,2.371,NA
2018-03-08 00:15:00,7.101107568,2.371,1.51362054
2018-03-08 00:20:00,7.575620076,2.371,NA
2018-03-08 00:25:00,8.095241934,2.911,NA
2018-03-08 00:30:00,10.89144752,3.204,1.51362054
2018-03-08 00:35:00,13.55310736,4.891,NA
2018-03-08 00:40:00,41.94866087,5.274,NA
2018-03-08 00:45:00,44.36321612,5.673,1.51362054
2018-03-08 00:50:00,37.02526238,16.228,1.51362054
2018-03-08 00:55:00,54.65370614,16.944,NA
2018-03-08 01:00:00,53.20065512,16.228,1.51362054
2018-03-08 01:05:00,58.37048946,16.228,1.51362054
2018-03-08 01:10:00,56.45052196,16.228,1.51362054
2018-03-08 01:15:00,52.8164938,16.228,1.51362054
2018-03-08 01:20:00,42.90143974,16.228,1.51362054
2018-03-08 01:25:00,21.28652184,15.529,1.51362054
2018-03-08 01:30:00,18.65467202,8.389,NA
2018-03-08 01:35:00,15.71632466,7.421,1.51362054
2018-03-08 01:40:00,14.05006098,5.274,NA
2018-03-08 01:45:00,13.20631425,5.274,1.51362054
2018-03-08 01:50:00,13.75297648,4.891,1.51362054
2018-03-08 01:55:00,16.30059485,4.891,NA
2018-03-08 02:00:00,19.70108276,4.891,1.51362054
2018-03-08 02:05:00,18.22518053,6.087,NA
2018-03-08 02:10:00,16.41792332,6.516,1.51362054
2018-03-08 02:15:00,13.69196845,6.516,1.51362054
2018-03-08 02:20:00,13.48381562,6.087,1.51362054
2018-03-08 02:25:00,13.37899158,4.523,1.51362054
2018-03-08 02:30:00,12.75246372,4.171,NA
2018-03-08 02:35:00,11.74106162,NA,NA
2018-03-08 02:40:00,14.01188522,4.171,1.51362054
2018-03-08 02:45:00,11.03344418,4.171,1.51362054
2018-03-08 02:50:00,11.16140332,4.171,1.51362054
2018-03-08 02:55:00,11.88140532,NA,1.51362054
2018-03-08 03:00:00,10.06058376,3.833,1.51362054
2018-03-08 03:05:00,11.31746905,3.833,1.51362054
2018-03-08 03:10:00,9.129905316,NA,1.51362054
2018-03-08 03:15:00,8.689518189,3.511,1.51362054
2018-03-08 03:20:00,9.42255459,3.511,1.51362054
2018-03-08 03:25:00,10.2015142,3.511,NA
2018-03-08 03:30:00,9.386858268,3.204,1.51362054
2018-03-08 03:35:00,8.490664818,3.204,1.51362054
2018-03-08 03:40:00,8.419051359,NA,1.51362054
2018-03-08 03:45:00,9.236066859,NA,NA
2018-03-08 03:50:00,10.17926236,2.634,1.51362054
2018-03-08 03:55:00,9.951444369,NA,1.51362054
2018-03-08 04:00:00,8.747510517,NA,NA
2018-03-08 04:05:00,8.867671731,2.911,NA
2018-03-08 04:10:00,9.260406981,2.911,1.51362054
2018-03-08 04:15:00,10.02405465,6.516,1.51362054
2018-03-08 04:20:00,10.45270073,7.421,NA
2018-03-08 04:25:00,13.03137199,9.42,NA
2018-03-08 04:30:00,16.3504044,9.42,1.51362054
2018-03-08 04:35:00,24.27179553,9.42,1.51362054
2018-03-08 04:40:00,30.61663696,11.085,1.51362054
2018-03-08 04:45:00,38.78633771,11.085,NA
2018-03-08 04:50:00,32.69428529,12.893,1.51362054
2018-03-08 04:55:00,29.36948015,13.528,1.51362054
2018-03-08 05:00:00,29.52516734,9.959,1.51362054
2018-03-08 05:05:00,29.57129875,9.959,1.51362054
2018-03-08 05:10:00,23.11391738,9.42,NA
2018-03-08 05:15:00,24.24509584,8.389,NA
2018-03-08 05:20:00,19.94006768,8.389,NA
2018-03-08 05:25:00,19.74528992,7.897,NA
2018-03-08 05:30:00,22.53949555,7.421,1.51362054
2018-03-08 05:35:00,21.53138044,7.421,1.51362054
2018-03-08 05:40:00,19.65815001,7.421,1.51362054
2018-03-08 05:45:00,19.65815001,6.961,NA
2018-03-08 05:50:00,19.38907116,6.516,NA
2018-03-08 05:55:00,20.34412758,6.087,NA
2018-03-08 06:00:00,18.83844057,5.673,NA
2018-03-08 06:05:00,20.43678786,5.673,1.51362054
2018-03-08 06:10:00,20.2289694,5.673,NA
2018-03-08 06:15:00,19.72508219,6.087,NA
2018-03-08 06:20:00,18.04685034,6.516,1.51362054
2018-03-08 06:25:00,18.9733333,6.087,1.51362054
2018-03-08 06:30:00,18.23552729,5.673,1.51362054
2018-03-08 06:35:00,22.6162193,5.673,1.51362054
2018-03-08 06:40:00,20.94659923,5.673,NA
2018-03-08 06:45:00,21.434266,5.673,NA
2018-03-08 06:50:00,22.98445039,5.673,1.51362054
2018-03-08 06:55:00,19.61960202,5.673,NA
2018-03-08 07:00:00,18.13894281,5.673,NA
2018-03-08 07:05:00,16.66922972,5.673,1.51362054
2018-03-08 07:10:00,18.22518053,5.673,1.51362054
2018-03-08 07:15:00,17.16039167,4.891,NA
2018-03-08 07:20:00,18.67366841,4.891,NA
2018-03-08 07:25:00,21.2566298,4.891,NA
2018-03-08 07:30:00,20.46604901,4.891,1.51362054
2018-03-08 07:35:00,22.49496662,4.891,1.51362054
2018-03-08 07:40:00,20.14311653,4.891,1.51362054
2018-03-08 07:45:00,21.16092227,4.891,NA
2018-03-08 07:50:00,20.01972511,4.891,NA
2018-03-08 07:55:00,20.89191281,4.891,NA
2018-03-08 08:00:00,19.54883397,4.891,1.51362054
2018-03-08 08:05:00,23.56549036,4.891,NA
2018-03-08 08:10:00,20.75495704,4.891,NA
2018-03-08 08:15:00,18.53862427,4.523,NA
2018-03-08 08:20:00,18.84709652,4.523,1.51362054
2018-03-08 08:25:00,20.18577799,4.523,1.51362054
2018-03-08 08:30:00,17.78895104,4.523,1.51362054
2018-03-08 08:35:00,17.55719623,4.523,1.51362054
2018-03-08 08:40:00,16.67571537,4.523,NA
2018-03-08 08:45:00,17.38972382,4.523,NA
2018-03-08 08:50:00,15.52053116,4.171,1.51362054
2018-03-08 08:55:00,15.79694738,4.171,1.51362054
2018-03-08 09:00:00,15.0475959,4.523,1.51362054
2018-03-08 09:05:00,15.08244051,4.523,1.51362054
2018-03-08 09:10:00,14.87116472,4.171,NA
2018-03-08 09:15:00,14.42044976,4.523,1.51362054
2018-03-08 09:20:00,14.71678349,4.171,NA
2018-03-08 09:25:00,13.36875838,3.204,NA
2018-03-08 09:30:00,15.20881609,3.204,NA
2018-03-08 09:35:00,18.05948096,3.511,1.51362054
2018-03-08 09:40:00,14.20258737,3.204,1.51362054
2018-03-08 09:45:00,14.8677894,3.511,1.51362054
2018-03-08 09:50:00,13.90984977,4.171,1.51362054
2018-03-08 09:55:00,13.90984977,3.833,1.51362054
2018-03-08 10:00:00,13.25833826,3.511,NA
2018-03-08 10:05:00,12.95910239,3.833,1.51362054
2018-03-08 10:10:00,12.80233636,3.833,NA
2018-03-08 10:15:00,12.22526475,3.511,1.51362054
2018-03-08 10:20:00,12.56834817,3.511,NA
2018-03-08 10:25:00,13.45221383,3.511,1.51362054
2018-03-08 10:30:00,13.12962205,3.511,NA
2018-03-08 10:35:00,13.22476177,3.511,1.51362054
2018-03-08 10:40:00,13.26049594,3.511,1.51362054
2018-03-08 10:45:00,13.04153579,3.833,1.51362054
2018-03-08 10:50:00,13.68909155,3.511,1.51362054
2018-03-08 10:55:00,14.4047782,3.511,1.51362054
2018-03-08 11:00:00,12.92612525,3.511,NA
2018-03-08 11:05:00,16.07015862,3.833,NA
2018-03-08 11:10:00,13.46916612,3.833,NA
2018-03-08 11:15:00,14.11667141,3.833,1.51362054
2018-03-08 11:20:00,13.80812976,3.511,NA
2018-03-08 11:25:00,12.68244013,3.511,1.51362054
2018-03-08 11:30:00,12.02057555,3.511,NA
2018-03-08 11:35:00,13.51304521,3.511,1.51362054
2018-03-08 11:40:00,14.4436858,3.511,1.51362054
2018-03-08 11:45:00,13.04918861,3.511,1.51362054
2018-03-08 11:50:00,13.07793241,3.833,1.51362054
2018-03-08 11:55:00,13.64526923,3.833,1.51362054
2018-03-08 12:00:00,13.30643177,3.833,NA
2018-03-08 12:05:00,13.39997531,3.833,NA
2018-03-08 12:10:00,14.33038247,3.833,1.51362054
2018-03-08 12:15:00,13.72783512,3.833,NA
2018-03-08 12:20:00,13.00856495,4.171,1.51362054
2018-03-08 12:25:00,13.170599,4.171,NA
2018-03-08 12:30:00,12.50509414,4.171,1.51362054
2018-03-08 12:35:00,15.84963383,3.833,1.51362054
2018-03-08 12:40:00,13.54105086,3.833,NA
2018-03-08 12:45:00,14.12387628,6.087,1.51362054
2018-03-08 12:50:00,12.50509414,6.087,NA
2018-03-08 12:55:00,11.63597891,5.274,NA
2018-03-08 13:00:00,12.04452452,4.891,1.51362054
2018-03-08 13:05:00,12.33509182,2.634,NA
2018-03-08 13:10:00,11.07000483,2.634,NA
2018-03-08 13:15:00,11.98980656,2.123,1.51362054
2018-03-08 13:20:00,11.63597891,1.89,1.51362054
2018-03-08 13:25:00,10.63460813,1.89,NA
2018-03-08 13:30:00,10.75878817,2.123,1.51362054
2018-03-08 13:35:00,11.73766738,2.123,1.51362054
2018-03-08 13:40:00,11.1801095,2.371,NA
2018-03-08 13:45:00,10.97223426,NA,NA
2018-03-08 13:50:00,11.4005018,2.371,1.51362054
2018-03-08 13:55:00,10.77215694,NA,NA
2018-03-08 14:00:00,13.24973279,2.371,NA
2018-03-08 14:05:00,11.35835137,2.371,1.51362054
2018-03-08 14:10:00,12.35833418,2.371,1.51362054
2018-03-08 14:15:00,10.84893747,2.371,1.51362054
2018-03-08 14:20:00,10.90380685,NA,1.51362054
2018-03-08 14:25:00,9.890562519,NA,NA
2018-03-08 14:30:00,11.46343407,NA,1.51362054
2018-03-08 14:35:00,10.20902822,2.123,NA
2018-03-08 14:40:00,10.04957456,2.123,NA
2018-03-08 14:45:00,10.93393232,2.123,NA
2018-03-08 14:50:00,10.98240437,1.89,NA
2018-03-08 14:55:00,10.24025146,1.89,NA
2018-03-08 15:00:00,9.462648285,NA,NA
2018-03-08 15:05:00,9.960611346,2.371,NA
2018-03-08 15:10:00,11.07619396,2.371,1.51362054
2018-03-08 15:15:00,11.05587267,2.371,NA
2018-03-08 15:20:00,12.44144264,2.371,NA
2018-03-08 15:25:00,9.525132621,2.371,1.51362054
2018-03-08 15:30:00,10.92195153,2.371,NA
2018-03-08 15:35:00,13.67893406,NA,NA
2018-03-08 15:40:00,11.30595512,2.634,1.51362054
2018-03-08 15:45:00,10.88164964,3.204,1.51362054
2018-03-08 15:50:00,10.13880274,3.204,NA
2018-03-08 15:55:00,10.61742241,2.911,1.51362054
2018-03-08 16:00:00,10.73627135,2.911,1.51362054
2018-03-08 16:05:00,10.29036385,NA,NA
2018-03-08 16:10:00,11.49618409,2.911,1.51362054
2018-03-08 16:15:00,11.16127083,2.911,NA
2018-03-08 16:20:00,12.08527435,2.911,NA
2018-03-08 16:25:00,10.17042976,2.911,NA
2018-03-08 16:30:00,9.992686302,NA,1.51362054
2018-03-08 16:35:00,11.35922201,2.911,NA
2018-03-08 16:40:00,11.83664297,2.634,NA
2018-03-08 16:45:00,11.60209328,2.634,NA
2018-03-08 16:50:00,11.68533422,3.204,1.51362054
2018-03-08 16:55:00,11.31625141,3.204,1.51362054
2018-03-08 17:00:00,11.21332008,3.833,NA
2018-03-08 17:05:00,13.63119386,3.833,NA
2018-03-08 17:10:00,14.66101193,3.833,NA
2018-03-08 17:15:00,11.73029216,4.171,NA
2018-03-08 17:20:00,13.40869435,6.087,NA
2018-03-08 17:25:00,12.56256282,5.673,NA
2018-03-08 17:30:00,12.58239831,5.274,NA
2018-03-08 17:35:00,13.96133121,5.274,NA
2018-03-08 17:40:00,12.93890729,5.274,1.51362054
2018-03-08 17:45:00,12.47922724,5.673,1.51362054
2018-03-08 17:50:00,12.43401063,5.274,1.51362054
2018-03-08 17:55:00,14.08252079,5.274,NA
2018-03-08 18:00:00,12.83815886,5.673,1.51362054
2018-03-08 18:05:00,12.42539885,5.673,1.51362054
2018-03-08 18:10:00,12.27234882,5.673,NA
2018-03-08 18:15:00,11.27584858,4.891,1.51362054
2018-03-08 18:20:00,12.8151941,4.891,1.51362054
2018-03-08 18:25:00,12.79445011,4.891,NA
2018-03-08 18:30:00,14.52783524,4.891,NA
2018-03-08 18:35:00,13.28284242,5.274,1.51362054
2018-03-08 18:40:00,13.18929888,5.274,1.51362054
2018-03-08 18:45:00,18.97085386,5.673,1.51362054
2018-03-08 18:50:00,13.54488043,5.673,1.51362054
2018-03-08 18:55:00,14.02757571,6.961,1.51362054
2018-03-08 19:00:00,13.34668319,7.421,NA
2018-03-08 19:05:00,13.83828678,7.421,1.51362054
2018-03-08 19:10:00,12.15303932,6.961,NA
2018-03-08 19:15:00,12.8606126,6.961,NA
2018-03-08 19:20:00,12.03000751,5.673,NA
2018-03-08 19:25:00,12.78352923,5.673,1.51362054
2018-03-08 19:30:00,13.28304431,5.673,NA
2018-03-08 19:35:00,11.25370399,5.673,NA
2018-03-08 19:40:00,11.82456754,5.673,1.51362054
2018-03-08 19:45:00,12.43527243,4.891,NA
2018-03-08 19:50:00,11.81180444,4.891,1.51362054
2018-03-08 19:55:00,14.01852229,4.891,1.51362054
2018-03-08 20:00:00,12.16794118,4.891,NA
2018-03-08 20:05:00,13.59894225,4.891,1.51362054
2018-03-08 20:10:00,11.59958229,4.891,NA
2018-03-08 20:15:00,10.81981513,4.891,1.51362054
2018-03-08 20:20:00,14.22550166,NA,1.51362054
2018-03-08 20:25:00,13.24077401,4.891,NA
2018-03-08 20:30:00,12.74371944,5.673,1.51362054
2018-03-08 20:35:00,11.96121417,5.673,NA
2018-03-08 20:40:00,14.22743221,5.673,NA
2018-03-08 20:45:00,11.50355931,6.087,1.51362054
2018-03-08 20:50:00,11.3528373,6.087,1.51362054
2018-03-08 20:55:00,11.98480983,5.274,1.51362054
2018-03-08 21:00:00,11.66103195,5.274,1.51362054
2018-03-08 21:05:00,11.58713464,5.274,1.51362054
2018-03-08 21:10:00,11.98322627,5.274,NA
2018-03-08 21:15:00,12.73784576,5.274,1.51362054
2018-03-08 21:20:00,12.04870739,5.274,NA
2018-03-08 21:25:00,10.78680644,5.274,NA
2018-03-08 21:30:00,11.06424472,5.673,1.51362054
2018-03-08 21:35:00,10.04889318,5.673,1.51362054
2018-03-08 21:40:00,13.48911518,5.673,1.51362054
2018-03-08 21:45:00,12.17768227,5.673,1.51362054
2018-03-08 21:50:00,10.91952257,6.087,1.51362054
2018-03-08 21:55:00,12.34238503,5.673,1.51362054
2018-03-08 22:00:00,10.79448449,4.523,NA
2018-03-08 22:05:00,10.5637896,4.523,1.51362054
2018-03-08 22:10:00,10.06796529,5.274,NA
2018-03-08 22:15:00,9.858096405,5.673,1.51362054
2018-03-08 22:20:00,8.868706407,5.673,1.51362054
2018-03-08 22:25:00,9.359382573,6.087,NA
2018-03-08 22:30:00,8.734961916,5.673,1.51362054
2018-03-08 22:35:00,8.43557463,5.274,1.51362054
2018-03-08 22:40:00,9.64734426,NA,1.51362054
2018-03-08 22:45:00,9.291945672,5.274,NA
2018-03-08 22:50:00,7.855733367,5.274,1.51362054
2018-03-08 22:55:00,8.784935505,5.274,1.51362054
2018-03-08 23:00:00,7.199023248,5.274,1.51362054
2018-03-08 23:05:00,7.454531439,NA,NA
2018-03-08 23:10:00,7.858698597,NA,1.51362054
2018-03-08 23:15:00,7.531715745,4.891,1.51362054
2018-03-08 23:20:00,7.890300378,NA,1.51362054
2018-03-08 23:25:00,9.947065923,4.891,1.51362054
2018-03-08 23:30:00,7.228170828,4.891,NA
2018-03-08 23:35:00,9.917281134,NA,1.51362054
2018-03-08 23:40:00,7.765009947,5.274,NA
2018-03-08 23:45:00,7.812024615,4.891,1.51362054
2018-03-08 23:50:00,7.201584702,NA,1.51362054
2018-03-08 23:55:00,7.426935873,4.891,NA
2018-03-09 00:00:00,7.610016744,4.891,1.51362054
2018-03-09 00:05:00,7.123794732,4.891,1.51362054
2018-03-09 00:10:00,6.847132464,NA,1.51362054
2018-03-09 00:15:00,6.776547372,NA,NA
2018-03-09 00:20:00,7.350376158,NA,NA
2018-03-09 00:25:00,7.246220877,4.171,NA
2018-03-09 00:30:00,7.336281852,4.523,1.51362054
2018-03-09 00:35:00,7.984884906,4.171,NA
2018-03-09 00:40:00,7.380135711,4.171,NA
2018-03-09 00:45:00,6.816016476,4.171,NA
2018-03-09 00:50:00,7.625517957,4.523,NA
2018-03-09 00:55:00,7.299430983,4.523,NA
2018-03-09 01:00:00,7.18620336,NA,1.51362054
2018-03-09 01:05:00,8.918288838,4.523,1.51362054
2018-03-09 01:10:00,7.318730214,NA,NA
2018-03-09 01:15:00,6.863359212,NA,1.51362054
2018-03-09 01:20:00,6.995002806,5.673,1.51362054
2018-03-09 01:25:00,7.067865447,5.274,1.51362054
2018-03-09 01:30:00,8.016827373,4.171,NA
2018-03-09 01:35:00,8.192104011,4.171,1.51362054
2018-03-09 01:40:00,7.905953007,4.891,1.51362054
2018-03-09 01:45:00,8.1606915,NA,NA
2018-03-09 01:50:00,7.037273106,4.891,NA
2018-03-09 01:55:00,7.215653772,NA,NA
2018-03-09 02:00:00,7.037273106,4.891,1.51362054
2018-03-09 02:05:00,6.718245903,NA,NA
2018-03-09 02:10:00,6.615283023,NA,NA
2018-03-09 02:15:00,7.121454093,4.171,NA
2018-03-09 02:20:00,7.390255347,NA,1.51362054
2018-03-09 02:25:00,7.60474242,4.523,NA
2018-03-09 02:30:00,7.790536161,4.891,1.51362054
2018-03-09 02:35:00,7.294667688,4.891,NA
2018-03-09 02:40:00,9.985941981,4.891,NA
2018-03-09 02:45:00,7.233937254,4.523,NA
2018-03-09 02:50:00,6.554413791,NA,NA
2018-03-09 02:55:00,6.191507493,4.891,NA
2018-03-09 03:00:00,7.629574644,4.891,1.51362054
2018-03-09 03:05:00,7.145901468,NA,1.51362054
2018-03-09 03:10:00,7.067322873,NA,NA
2018-03-09 03:15:00,6.350481675,NA,NA
2018-03-09 03:20:00,8.627898186,4.523,NA
2018-03-09 03:25:00,6.672884193,NA,NA
2018-03-09 03:30:00,6.675458265,NA,NA
2018-03-09 03:35:00,6.703388208,4.523,NA
2018-03-09 03:40:00,6.617623662,4.523,1.51362054
2018-03-09 03:45:00,6.935332284,3.511,1.51362054
2018-03-09 03:50:00,7.274851119,3.511,1.51362054
2018-03-09 03:55:00,7.154254584,3.511,NA
2018-03-09 04:00:00,6.919452531,3.511,NA
2018-03-09 04:05:00,6.762307959,3.511,NA
2018-03-09 04:10:00,7.340376393,3.511,1.51362054
2018-03-09 04:15:00,11.19580629,3.511,1.51362054
2018-03-09 04:20:00,8.197308936,NA,NA
2018-03-09 04:25:00,9.87289101,NA,NA
2018-03-09 04:30:00,7.904615499,NA,1.51362054
2018-03-09 04:35:00,7.608982068,2.123,1.51362054
2018-03-09 04:40:00,8.675051652,NA,1.51362054
2018-03-09 04:45:00,8.320864392,1.89,1.51362054
2018-03-09 04:50:00,8.483788008,1.89,NA
2018-03-09 04:55:00,8.647834626,1.89,NA
2018-03-09 05:00:00,8.983094886,1.67,1.51362054
2018-03-09 05:05:00,10.18561552,1.67,NA
2018-03-09 05:10:00,10.51940579,2.123,1.51362054
2018-03-09 05:15:00,10.74403142,2.123,NA
2018-03-09 05:20:00,10.95736395,2.371,NA
2018-03-09 05:25:00,13.09761018,2.123,1.51362054
2018-03-09 05:30:00,12.17460348,2.123,1.51362054
2018-03-09 05:35:00,11.3199548,3.511,1.51362054
2018-03-09 05:40:00,12.28108047,3.204,NA
2018-03-09 05:45:00,14.58677392,3.204,NA
2018-03-09 05:50:00,12.84116826,3.204,1.51362054
2018-03-09 05:55:00,14.07901298,3.204,1.51362054
2018-03-09 06:00:00,14.22335029,3.204,NA
2018-03-09 06:05:00,14.83172085,3.511,1.51362054
2018-03-09 06:10:00,13.10662574,3.833,NA
2018-03-09 06:15:00,14.83172085,4.523,NA
2018-03-09 06:20:00,14.14275281,4.171,1.51362054
2018-03-09 06:25:00,13.70490821,4.171,NA
2018-03-09 06:30:00,13.75224464,4.523,1.51362054
2018-03-09 06:35:00,15.06793612,4.523,NA
2018-03-09 06:40:00,15.2042673,4.891,NA
2018-03-09 06:45:00,16.89474492,4.891,NA
2018-03-09 06:50:00,14.39544719,4.891,1.51362054
2018-03-09 06:55:00,13.61815946,5.274,NA
2018-03-09 07:00:00,12.7754411,5.274,NA
2018-03-09 07:05:00,14.64623625,4.891,NA
2018-03-09 07:10:00,12.53614703,4.523,NA
2018-03-09 07:15:00,13.1960432,4.523,NA
2018-03-09 07:20:00,20.46336137,4.171,NA
2018-03-09 07:25:00,15.1350134,4.171,NA
2018-03-09 07:30:00,13.53707619,4.171,1.51362054
2018-03-09 07:35:00,13.63740822,4.171,NA
2018-03-09 07:40:00,14.08308229,4.171,NA
2018-03-09 07:45:00,14.31215577,4.171,NA
2018-03-09 07:50:00,14.63494945,4.171,1.51362054
2018-03-09 07:55:00,14.12216654,4.171,NA
2018-03-09 08:00:00,13.39159065,4.891,1.51362054
2018-03-09 08:05:00,13.67002575,4.891,1.51362054
2018-03-09 08:10:00,14.31094444,3.204,NA
2018-03-09 08:15:00,12.89937509,3.204,NA
2018-03-09 08:20:00,12.33306663,2.911,1.51362054
2018-03-09 08:25:00,14.18489693,2.911,NA
2018-03-09 08:30:00,14.14564864,2.911,1.51362054
2018-03-09 08:35:00,12.85791234,3.204,1.51362054
2018-03-09 08:40:00,12.33306663,3.204,NA
2018-03-09 08:45:00,12.19925274,3.204,NA
2018-03-09 08:50:00,13.48402381,NA,NA
2018-03-09 08:55:00,12.93935522,3.204,1.51362054
2018-03-09 09:00:00,15.29911049,3.204,NA
2018-03-09 09:05:00,12.9265795,3.204,NA
2018-03-09 09:10:00,12.68877436,3.204,NA
2018-03-09 09:15:00,13.79396606,3.204,2.275324229
2018-03-09 09:20:00,11.88960702,3.204,1.688871197
2018-03-09 09:25:00,10.80959455,3.204,NA
2018-03-09 09:30:00,11.84636514,3.204,0.787179595
2018-03-09 09:35:00,12.9947167,3.204,NA
2018-03-09 09:40:00,0,3.204,1.34842289
2018-03-09 09:45:00,12.8707133,3.511,2.717190758
2018-03-09 09:50:00,12.94682508,3.511,NA
2018-03-09 09:55:00,12.84654353,NA,0.565430329
2018-03-09 10:00:00,11.30865538,3.204,0.565430329
2018-03-09 10:05:00,11.27437227,3.204,1.19323314
2018-03-09 10:10:00,11.20066422,3.204,1.51362054
2018-03-09 10:15:00,11.7063495,4.171,2.275324229
2018-03-09 10:20:00,13.30584503,NA,NA
2018-03-09 10:25:00,12.13991029,4.171,NA
2018-03-09 10:30:00,11.09785276,4.171,NA
2018-03-09 10:35:00,11.88163245,NA,1.51362054
2018-03-09 10:40:00,14.15511214,3.691,NA
2018-03-09 10:45:00,12.58281471,7.084,2.4911498
2018-03-09 10:50:00,12.16182145,NA,NA
2018-03-09 10:55:00,12.69134843,14.846,1.048001031
2018-03-09 11:00:00,12.28966702,13.528,2.4911498
2018-03-09 11:05:00,13.26351164,14.179,NA
2018-03-09 11:10:00,11.645291,14.179,NA
2018-03-09 11:15:00,10.1480265,14.846,NA
2018-03-09 11:20:00,11.46545295,16.944,NA
2018-03-09 11:25:00,10.52857276,16.944,NA
2018-03-09 11:30:00,11.31659841,16.944,NA
2018-03-09 11:35:00,10.5748619,16.228,NA
2018-03-09 11:40:00,10.41005189,16.228,NA
2018-03-09 11:45:00,10.93547172,16.944,1.19323314
2018-03-09 11:50:00,10.93547172,17.675,1.19323314
2018-03-09 11:55:00,12.71425641,16.944,1.34842289
2018-03-09 12:00:00,13.27293729,16.944,NA
2018-03-09 12:05:00,10.4249222,16.944,1.51362054
2018-03-09 12:10:00,14.45842363,17.675,0.912670609
2018-03-09 12:15:00,10.97635404,NA,1.048001031
2018-03-09 12:20:00,10.97226581,14.846,NA
2018-03-09 12:25:00,11.49751529,14.846,NA
2018-03-09 12:30:00,12.48313251,14.846,NA
2018-03-09 12:35:00,11.72060153,14.846,NA
2018-03-09 12:40:00,10.76212563,14.846,0.469008228
2018-03-09 12:45:00,10.21413851,14.846,NA
2018-03-09 12:50:00,11.01870635,14.179,1.688871197
2018-03-09 12:55:00,10.70142044,13.528,NA
2018-03-09 13:00:00,14.910413,13.528,NA
2018-03-09 13:05:00,11.20371778,13.528,NA
2018-03-09 13:10:00,10.94644938,13.528,2.069688896
2018-03-09 13:15:00,10.85391527,NA,NA
2018-03-09 13:20:00,10.80174615,12.893,NA
2018-03-09 13:25:00,9.744748911,12.893,0.787179595
2018-03-09 13:30:00,14.26100871,12.893,NA
2018-03-09 13:35:00,10.76166508,11.672,NA
2018-03-09 13:40:00,11.3133682,11.672,NA
2018-03-09 13:45:00,10.26630763,NA,1.51362054
2018-03-09 13:50:00,10.14273956,13.528,NA
2018-03-09 13:55:00,10.04295641,NA,1.874215276
2018-03-09 14:00:00,11.19453188,9.42,NA
2018-03-09 14:05:00,10.63710649,8.897,NA
2018-03-09 14:10:00,11.84633359,9.42,0.565430329
2018-03-09 14:15:00,12.01246849,12.893,NA
2018-03-09 14:20:00,9.392050575,NA,0.912670609
2018-03-09 14:25:00,9.88039872,9.959,NA
2018-03-09 14:30:00,9.262703457,10.514,NA
2018-03-09 14:35:00,9.041446827,NA,NA
2018-03-09 14:40:00,8.619620778,10.514,NA
2018-03-09 14:45:00,11.37025014,10.514,NA
2018-03-09 14:50:00,10.65951606,10.514,0.469008228
2018-03-09 14:55:00,9.894373155,10.514,NA
2018-03-09 15:00:00,10.34727103,10.514,NA
2018-03-09 15:05:00,9.10931274,9.959,NA
2018-03-09 15:10:00,9.326178306,9.959,1.34842289
2018-03-09 15:15:00,10.17197546,NA,0.671458623
2018-03-09 15:20:00,10.19931236,9.42,NA
2018-03-09 15:25:00,9.315938799,8.897,0.787179595
2018-03-09 15:30:00,9.763101792,8.897,2.069688896
2018-03-09 15:35:00,10.95497915,8.897,NA
2018-03-09 15:40:00,10.22126768,9.42,NA
2018-03-09 15:45:00,9.184471857,NA,NA
2018-03-09 15:50:00,9.940498254,8.897,1.19323314
2018-03-09 15:55:00,13.73086344,NA,2.275324229
2018-03-09 16:00:00,11.64707645,8.897,NA
2018-03-09 16:05:00,11.25221506,8.897,1.19323314
2018-03-09 16:10:00,10.88190831,10.514,NA
2018-03-09 16:15:00,11.2379441,10.514,1.34842289
2018-03-09 16:20:00,9.456610572,8.897,NA
2018-03-09 16:25:00,10.45357137,8.389,NA
2018-03-09 16:30:00,11.29298382,8.389,NA
2018-03-09 16:35:00,10.15707992,9.42,1.51362054
2018-03-09 16:40:00,11.23183068,10.514,NA
2018-03-09 16:45:00,11.96925815,10.514,NA
2018-03-09 16:50:00,11.10952441,10.514,NA
2018-03-09 16:55:00,10.99540091,NA,NA
2018-03-09 17:00:00,11.29818244,11.085,NA
2018-03-09 17:05:00,12.83288454,11.085,NA
2018-03-09 17:10:00,12.6309713,11.085,2.717190758
2018-03-09 17:15:00,12.8221277,11.085,3.723905655
2018-03-09 17:20:00,12.33063136,11.085,1.19323314
2018-03-09 17:25:00,12.26492312,11.672,1.048001031
2018-03-09 17:30:00,10.59343559,12.275,1.51362054
2018-03-09 17:35:00,12.43045236,12.275,NA
2018-03-09 17:40:00,11.24181783,11.672,0.912670609
2018-03-09 17:45:00,13.61150978,11.672,1.34842289
2018-03-09 17:50:00,13.4039626,11.672,1.19323314
2018-03-09 17:55:00,13.2901167,11.672,NA
2018-03-09 18:00:00,11.6797823,16.228,1.19323314
2018-03-09 18:05:00,11.56245383,0,2.275324229
2018-03-09 18:10:00,12.58191883,16.228,NA
2018-03-09 18:15:00,13.53129715,14.846,NA
2018-03-09 18:20:00,11.35782141,NA,NA
2018-03-09 18:25:00,13.16058662,14.846,1.19323314
2018-03-09 18:30:00,13.4039626,14.846,NA
2018-03-09 18:35:00,12.5861017,14.846,1.048001031
2018-03-09 18:40:00,14.40812828,14.846,NA
2018-03-09 18:45:00,12.45050867,14.179,NA
2018-03-09 18:50:00,12.84222186,14.846,NA
2018-03-09 18:55:00,11.22427881,15.529,1.048001031
2018-03-09 19:00:00,11.10952441,15.529,2.4911498
2018-03-09 19:05:00,11.39294362,15.529,NA
2018-03-09 19:10:00,12.70823763,15.529,NA
2018-03-09 19:15:00,12.00253181,15.529,NA
2018-03-09 19:20:00,12.02408336,15.529,1.34842289
2018-03-09 19:25:00,10.8579972,16.228,1.34842289
2018-03-09 19:30:00,10.49211936,16.944,2.4911498
2018-03-09 19:35:00,11.90460983,14.846,NA
2018-03-09 19:40:00,10.86578881,15.529,NA
2018-03-09 19:45:00,10.33236917,15.529,NA
2018-03-09 19:50:00,9.862468542,15.529,NA
2018-03-09 19:55:00,9.981923148,15.529,NA
2018-03-09 20:00:00,12.39703989,14.846,NA
2018-03-09 20:05:00,10.99787404,14.846,NA
2018-03-09 20:10:00,13.14066911,14.846,NA
2018-03-09 20:15:00,12.50832434,16.944,NA
2018-03-09 20:20:00,11.27581703,16.944,NA
2018-03-09 20:25:00,12.1533737,16.228,0.912670609
2018-03-09 20:30:00,9.785978226,16.228,NA
2018-03-09 20:35:00,8.934660693,15.529,NA
2018-03-09 20:40:00,10.49606879,NA,NA
2018-03-09 20:45:00,11.63984002,12.893,NA
2018-03-09 20:50:00,9.878297823,13.528,1.874215276
2018-03-09 20:55:00,10.03316485,19.968,1.688871197
2018-03-09 21:00:00,9.330563061,18.423,NA
2018-03-09 21:05:00,9.277649478,16.228,NA
2018-03-09 21:10:00,10.16502295,16.228,1.51362054
2018-03-09 21:15:00,10.50120432,14.846,NA
2018-03-09 21:20:00,11.87056015,14.846,NA
2018-03-09 21:25:00,10.32747339,15.529,1.19323314
2018-03-09 21:30:00,11.00929333,15.529,1.048001031
2018-03-09 21:35:00,11.65858406,15.529,1.048001031
2018-03-09 21:40:00,10.89181344,15.529,1.34842289
2018-03-09 21:45:00,10.82864773,15.529,3.456811513
2018-03-09 21:50:00,9.409905045,14.179,1.34842289
2018-03-09 21:55:00,13.92090944,14.179,NA
2018-03-09 22:00:00,9.689696577,14.179,NA
2018-03-09 22:05:00,9.492981957,14.179,NA
2018-03-09 22:10:00,10.90399612,14.179,0.671458623
2018-03-09 22:15:00,10.17197546,13.528,0.38209533
2018-03-09 22:20:00,9.973260891,13.528,NA
2018-03-09 22:25:00,8.33967783,12.893,NA
2018-03-09 22:30:00,8.871166917,11.672,NA
2018-03-09 22:35:00,8.476191972,11.672,NA
2018-03-09 22:40:00,8.780563368,11.672,1.19323314
2018-03-09 22:45:00,7.981806114,11.672,NA
2018-03-09 22:50:00,8.061867324,NA,NA
2018-03-09 22:55:00,8.460602433,11.672,1.34842289
2018-03-09 23:00:00,7.960551093,11.085,0.787179595
2018-03-09 23:05:00,9.323332947,11.085,0.38209533
2018-03-09 23:10:00,9.305642511,11.085,0.671458623
2018-03-09 23:15:00,7.786889559,11.085,NA
2018-03-09 23:20:00,7.582130964,11.085,0.304582372
2018-03-09 23:25:00,7.554421836,NA,NA
2018-03-09 23:30:00,7.738941159,9.959,0.469008228
2018-03-09 23:35:00,7.896931137,9.959,NA
2018-03-09 23:40:00,6.610715307,9.959,NA
2018-03-09 23:45:00,6.963520896,9.959,0.38209533
2018-03-09 23:50:00,7.113940074,9.959,NA
2018-03-09 23:55:00,7.599840327,9.42,NA
2018-03-10 00:00:00,7.163068257,8.897,0.565430329
2018-03-10 00:05:00,6.650039304,NA,0.304582372
2018-03-10 00:10:00,6.586854669,9.42,0.304582372
2018-03-10 00:15:00,6.805966239,7.421,0.469008228
2018-03-10 00:20:00,6.691344327,6.961,0.304582372
2018-03-10 00:25:00,7.976361447,7.897,NA
2018-03-10 00:30:00,7.22891529,8.389,0.38209533
2018-03-10 00:35:00,7.235691156,NA,NA
2018-03-10 00:40:00,6.722460315,NA,NA
2018-03-10 00:45:00,8.692313076,7.421,NA
2018-03-10 00:50:00,6.998971167,6.961,NA
2018-03-10 00:55:00,8.144685567,NA,NA
2018-03-10 01:00:00,7.214543388,7.421,0.304582372
2018-03-10 01:05:00,7.49988684,NA,NA
2018-03-10 01:10:00,6.91731378,7.421,0.304582372
2018-03-10 01:15:00,6.773954373,NA,NA
2018-03-10 01:20:00,7.024604634,NA,0.177243437
2018-03-10 01:25:00,6.31745406,6.516,NA
2018-03-10 01:30:00,6.801486849,6.516,NA
2018-03-10 01:35:00,6.350021118,6.516,0.127112896
2018-03-10 01:40:00,6.577895889,6.516,NA
2018-03-10 01:45:00,6.836653215,6.087,NA
2018-03-10 01:50:00,6.297322041,NA,0.304582372
2018-03-10 01:55:00,6.425218089,6.516,NA
2018-03-10 02:00:00,5.992893864,6.516,NA
2018-03-10 02:05:00,6.573384954,6.516,0.304582372
2018-03-10 02:10:00,6.988504536,8.389,0.304582372
2018-03-10 02:15:00,6.7108833,7.897,0.38209533
2018-03-10 02:20:00,8.049318723,NA,NA
2018-03-10 02:25:00,6.788187477,NA,NA
2018-03-10 02:30:00,6.485380713,6.516,NA
2018-03-10 02:35:00,6.417615744,6.516,NA
2018-03-10 02:40:00,5.931791199,NA,0.177243437
2018-03-10 02:45:00,5.886013095,6.516,NA
2018-03-10 02:50:00,6.966530289,NA,0.085762994
2018-03-10 02:55:00,6.818773509,6.961,0.38209533
2018-03-10 03:00:00,6.781708134,NA,NA
2018-03-10 03:05:00,6.413445495,6.516,NA
2018-03-10 03:10:00,6.393527982,NA,0.38209533
2018-03-10 03:15:00,7.080268941,6.961,0.236345541
2018-03-10 03:20:00,6.177829581,NA,NA
2018-03-10 03:25:00,6.07897386,7.421,NA
2018-03-10 03:30:00,5.997493125,7.421,NA
2018-03-10 03:35:00,5.978692305,6.087,NA
2018-03-10 03:40:00,6.744794175,NA,0.177243437
2018-03-10 03:45:00,6.393527982,NA,0.304582372
2018-03-10 03:50:00,6.352942185,6.516,NA
2018-03-10 03:55:00,6.393527982,6.516,NA
2018-03-10 04:00:00,6.518490345,6.087,NA
2018-03-10 04:05:00,6.053214213,NA,NA
2018-03-10 04:10:00,5.781069189,6.087,NA
2018-03-10 04:15:00,10.0127363,6.087,NA
2018-03-10 04:20:00,6.726630564,5.673,NA
2018-03-10 04:25:00,6.743166453,NA,0.38209533
2018-03-10 04:30:00,7.173957591,6.087,NA
2018-03-10 04:35:00,6.854249016,6.516,0.671458623
2018-03-10 04:40:00,6.826218129,NA,NA
2018-03-10 04:45:00,6.89630481,6.516,NA
2018-03-10 04:50:00,6.762402594,NA,0.671458623
2018-03-10 04:55:00,7.540226586,6.516,NA
2018-03-10 05:00:00,7.181774442,6.961,NA
2018-03-10 05:05:00,7.116684489,6.961,NA
2018-03-10 05:10:00,7.447768191,NA,NA
2018-03-10 05:15:00,7.238902437,NA,NA
2018-03-10 05:20:00,7.633309572,NA,0.469008228
2018-03-10 05:25:00,6.338873115,NA,3.200003914
2018-03-10 05:30:00,6.666385923,NA,NA
2018-03-10 05:35:00,6.924335697,NA,NA
2018-03-10 05:40:00,7.119921006,NA,NA
2018-03-10 05:45:00,7.512624711,NA,NA
2018-03-10 05:50:00,8.421814701,NA,NA
2018-03-10 05:55:00,8.973315936,NA,NA
2018-03-10 06:00:00,8.602920855,NA,0.052965954
2018-03-10 06:05:00,10.10326415,NA,NA
2018-03-10 06:10:00,9.824683941,NA,0.469008228
2018-03-10 06:15:00,11.50779896,NA,NA
2018-03-10 06:20:00,12.00475889,NA,NA
2018-03-10 06:25:00,11.72060153,NA,NA
2018-03-10 06:30:00,12.80542146,NA,NA
2018-03-10 06:35:00,11.85681284,NA,1.19323314
2018-03-10 06:40:00,12.68447162,NA,1.048001031
2018-03-10 06:45:00,11.98362374,NA,NA
2018-03-10 06:50:00,12.40659172,NA,NA
2018-03-10 06:55:00,13.52998488,NA,NA
2018-03-10 07:00:00,13.01206645,NA,1.34842289
2018-03-10 07:05:00,12.35815122,NA,1.34842289
2018-03-10 07:10:00,11.614869,NA,0.052965954
2018-03-10 07:15:00,12.77247587,NA,NA
2018-03-10 07:20:00,11.84633359,NA,1.19323314
2018-03-10 07:25:00,12.65202444,NA,NA
2018-03-10 07:30:00,14.06344237,NA,NA
2018-03-10 07:35:00,13.63775522,NA,2.717190758
2018-03-10 07:40:00,13.5675739,NA,1.19323314
2018-03-10 07:45:00,13.81429365,NA,0.787179595
2018-03-10 07:50:00,14.37625521,NA,1.34842289
2018-03-10 07:55:00,13.88501754,NA,NA
2018-03-10 08:00:00,13.68453645,NA,NA
2018-03-10 08:05:00,14.71765413,NA,1.688871197
2018-03-10 08:10:00,14.04134825,NA,1.19323314
2018-03-10 08:15:00,14.4263676,NA,NA
2018-03-10 08:20:00,12.75314509,NA,NA
2018-03-10 08:25:00,12.33969739,NA,NA
2018-03-10 08:30:00,14.43760393,NA,NA
2018-03-10 08:35:00,13.61426681,NA,2.275324229
2018-03-10 08:40:00,13.69717969,NA,2.717190758
2018-03-10 08:45:00,13.54506339,NA,0.671458623
2018-03-10 08:50:00,13.62727597,NA,NA
2018-03-10 08:55:00,13.17454844,NA,NA
2018-03-10 09:00:00,13.17446011,NA,NA
2018-03-10 09:05:00,14.54654774,NA,NA
2018-03-10 09:10:00,13.50032627,NA,1.34842289
2018-03-10 09:15:00,13.27770689,NA,4.001297672
2018-03-10 09:20:00,15.44284213,NA,1.51362054
2018-03-10 09:25:00,17.23445303,NA,NA
2018-03-10 09:30:00,14.64700595,NA,NA
2018-03-10 09:35:00,14.13847531,NA,NA
2018-03-10 09:40:00,14.81760131,NA,2.275324229
2018-03-10 09:45:00,14.22379823,NA,NA
2018-03-10 09:50:00,15.79945205,NA,1.34842289
2018-03-10 09:55:00,13.20074971,NA,NA
2018-03-10 10:00:00,14.45316823,NA,NA
2018-03-10 10:05:00,14.0202825,NA,NA
2018-03-10 10:10:00,13.80641371,NA,1.688871197
2018-03-10 10:15:00,14.64884186,NA,2.275324229
2018-03-10 10:20:00,13.72215071,NA,1.19323314
2018-03-10 10:25:00,13.85393941,NA,1.048001031
2018-03-10 10:30:00,14.50186109,NA,NA
2018-03-10 10:35:00,14.53879398,NA,2.953469105
2018-03-10 10:40:00,13.51318401,NA,2.4911498
2018-03-10 10:45:00,13.25778307,NA,NA
2018-03-10 10:50:00,13.53556834,NA,1.048001031
2018-03-10 10:55:00,12.97197275,NA,1.34842289
2018-03-10 11:00:00,12.90410684,NA,NA
2018-03-10 11:05:00,12.72127833,NA,NA
2018-03-10 11:10:00,13.5963177,NA,NA
2018-03-10 11:15:00,13.0296244,NA,NA
2018-03-10 11:20:00,11.33293872,NA,NA
2018-03-10 11:25:00,12.20282364,NA,NA
2018-03-10 11:30:00,10.57095662,NA,1.048001031
2018-03-10 11:35:00,11.95084218,NA,NA
2018-03-10 11:40:00,13.19065531,NA,NA
2018-03-10 11:45:00,0,NA,1.048001031
2018-03-10 11:50:00,12.76946016,NA,NA
2018-03-10 11:55:00,12.29045565,NA,0.912670609
2018-03-10 12:00:00,12.25641859,NA,NA
2018-03-10 12:05:00,11.7156742,NA,NA
2018-03-10 12:10:00,12.80961695,NA,NA
2018-03-10 12:15:00,11.00856779,NA,1.19323314
2018-03-10 12:20:00,10.62990161,NA,NA
2018-03-10 12:25:00,10.46944481,NA,1.048001031
2018-03-10 12:30:00,11.66074805,NA,NA
2018-03-10 12:35:00,11.47329504,NA,NA
2018-03-10 12:40:00,11.92705725,NA,NA
2018-03-10 12:45:00,13.99889499,NA,2.275324229
2018-03-10 12:50:00,11.94060898,NA,NA
2018-03-10 12:55:00,12.41152536,NA,NA
2018-03-10 13:00:00,11.04410008,NA,NA
2018-03-10 13:05:00,11.76560994,NA,1.048001031
2018-03-10 13:10:00,11.52919909,NA,NA
2018-03-10 13:15:00,12.18108282,NA,0.787179595
2018-03-10 13:20:00,14.76244803,NA,NA
2018-03-10 13:25:00,11.24832872,NA,2.717190758
2018-03-10 13:30:00,11.80017695,NA,NA
2018-03-10 13:35:00,11.20742747,NA,1.048001031
2018-03-10 13:40:00,11.99050055,NA,NA
2018-03-10 13:45:00,12.64438424,NA,1.048001031
2018-03-10 13:50:00,12.81603951,NA,1.19323314
2018-03-10 13:55:00,14.81157621,NA,1.048001031
2018-03-10 14:00:00,15.77932634,NA,1.048001031
2018-03-10 14:05:00,16.07564745,NA,1.34842289
2018-03-10 14:10:00,16.51595256,NA,NA
2018-03-10 14:15:00,16.13951977,NA,1.19323314
2018-03-10 14:20:00,17.06970611,NA,1.688871197
2018-03-10 14:25:00,15.91931674,NA,2.953469105
2018-03-10 14:30:00,17.31789586,NA,1.688871197
2018-03-10 14:35:00,18.4738056,NA,1.19323314
2018-03-10 14:40:00,19.26463875,NA,1.874215276
2018-03-10 14:45:00,19.51241842,NA,1.19323314
2018-03-10 14:50:00,17.23516594,NA,1.688871197
2018-03-10 14:55:00,16.12358954,NA,NA
2018-03-10 15:00:00,15.49891652,NA,1.34842289
2018-03-10 15:05:00,14.63804717,NA,1.34842289
2018-03-10 15:10:00,13.31800879,NA,NA
2018-03-10 15:15:00,13.26105744,NA,NA
2018-03-10 15:20:00,15.07146916,NA,3.456811513
2018-03-10 15:25:00,11.9543626,NA,NA
2018-03-10 15:30:00,12.82639889,NA,1.19323314
2018-03-10 15:35:00,11.76560994,NA,1.51362054
2018-03-10 15:40:00,11.42607848,NA,NA
2018-03-10 15:45:00,12.87116755,NA,1.19323314
2018-03-10 15:50:00,11.80755217,NA,1.19323314
2018-03-10 15:55:00,12.47708218,NA,NA
2018-03-10 16:00:00,12.8386068,NA,NA
2018-03-10 16:05:00,13.67788046,NA,NA
2018-03-10 16:10:00,13.08680286,NA,1.34842289
2018-03-10 16:15:00,13.284161,NA,NA
2018-03-10 16:20:00,13.83050778,NA,1.51362054
2018-03-10 16:25:00,13.49209302,NA,1.688871197
2018-03-10 16:30:00,14.65171877,NA,NA
2018-03-10 16:35:00,12.79900521,NA,2.4911498
2018-03-10 16:40:00,12.19301314,NA,1.51362054
2018-03-10 16:45:00,12.66772754,NA,NA
2018-03-10 16:50:00,12.93832055,NA,1.048001031
2018-03-10 16:55:00,13.21355698,NA,NA
2018-03-10 17:00:00,12.18952427,NA,NA
2018-03-10 17:05:00,11.94820502,NA,NA
2018-03-10 17:10:00,12.25856996,NA,NA
2018-03-10 17:15:00,11.45685379,NA,1.048001031
2018-03-10 17:20:00,11.67138502,NA,1.688871197
2018-03-10 17:25:00,11.29230245,NA,NA
2018-03-10 17:30:00,10.72173542,NA,0.671458623
2018-03-10 17:35:00,12.79361732,NA,0.787179595
2018-03-10 17:40:00,13.92966003,NA,NA
2018-03-10 17:45:00,12.78345983,NA,NA
2018-03-10 17:50:00,12.68197957,NA,NA
2018-03-10 17:55:00,11.27173511,NA,NA
2018-03-10 18:00:00,11.29929913,NA,1.874215276
2018-03-10 18:05:00,11.5327826,NA,1.048001031
2018-03-10 18:10:00,11.68443203,NA,NA
2018-03-10 18:15:00,11.5327826,NA,NA
2018-03-10 18:20:00,12.60294042,NA,1.19323314
2018-03-10 18:25:00,12.08439109,NA,NA
2018-03-10 18:30:00,12.45791543,NA,NA
2018-03-10 18:35:00,13.15746366,NA,NA
2018-03-10 18:40:00,11.56680704,NA,1.51362054
2018-03-10 18:45:00,10.98817079,NA,NA
2018-03-10 18:50:00,11.10264129,NA,NA
2018-03-10 18:55:00,11.78988697,NA,1.874215276
2018-03-10 19:00:00,12.31386835,NA,1.34842289
2018-03-10 19:05:00,16.70380934,NA,NA
2018-03-10 19:10:00,11.50325648,NA,NA
2018-03-10 19:15:00,11.73414065,NA,NA
2018-03-10 19:20:00,10.85446416,NA,2.953469105
2018-03-10 19:25:00,10.11030499,NA,NA
2018-03-10 19:30:00,10.5837702,NA,NA
2018-03-10 19:35:00,9.875237958,NA,1.51362054
2018-03-10 19:40:00,10.92801448,NA,0.304582372
2018-03-10 19:45:00,11.87425092,NA,NA
2018-03-10 19:50:00,9.15088905,NA,NA
2018-03-10 19:55:00,10.76115405,NA,NA
2018-03-10 20:00:00,9.807069213,NA,NA
2018-03-10 20:05:00,11.21771745,NA,1.688871197
2018-03-10 20:10:00,10.82775816,NA,0.671458623
2018-03-10 20:15:00,9.949349781,NA,1.048001031
2018-03-10 20:20:00,9.49775787,NA,0.177243437
2018-03-10 20:25:00,9.557472555,NA,NA
2018-03-10 20:30:00,10.03911423,NA,1.34842289
2018-03-10 20:35:00,9.086896863,NA,NA
2018-03-10 20:40:00,9.118769931,NA,NA
2018-03-10 20:45:00,8.445303108,NA,0.177243437
2018-03-10 20:50:00,8.915992362,NA,NA
2018-03-10 20:55:00,8.865223839,NA,NA
2018-03-10 21:00:00,10.5837702,NA,NA
2018-03-10 21:05:00,9.962459883,NA,1.048001031
2018-03-10 21:10:00,9.234331884,NA,NA
2018-03-10 21:15:00,8.723744514,NA,1.048001031
2018-03-10 21:20:00,9.904044852,NA,1.34842289
2018-03-10 21:25:00,8.757768951,NA,0.912670609
2018-03-10 21:30:00,8.606750418,NA,1.688871197
2018-03-10 21:35:00,8.290537029,NA,NA
2018-03-10 21:40:00,9.565901379,NA,0.304582372
2018-03-10 21:45:00,9.097439202,NA,NA
2018-03-10 21:50:00,9.69005619,NA,NA
2018-03-10 21:55:00,8.051463783,NA,NA
2018-03-10 22:00:00,10.06821134,NA,NA
2018-03-10 22:05:00,10.98429076,NA,1.19323314
2018-03-10 22:10:00,9.163973916,NA,NA
2018-03-10 22:15:00,9.062979444,NA,NA
2018-03-10 22:20:00,9.409229982,NA,0.085762994
2018-03-10 22:25:00,9.550936431,NA,NA
2018-03-10 22:30:00,11.05873696,NA,NA
2018-03-10 22:35:00,9.200805858,NA,NA
2018-03-10 22:40:00,8.890352586,NA,NA
2018-03-10 22:45:00,8.474412834,NA,NA
2018-03-10 22:50:00,14.86069808,NA,NA
2018-03-10 22:55:00,9.253082232,NA,NA
2018-03-10 23:00:00,9.954712431,NA,0.38209533
2018-03-10 23:05:00,8.121632481,NA,0.671458623
2018-03-10 23:10:00,8.158748328,NA,NA
2018-03-10 23:15:00,9.039705543,NA,NA
2018-03-10 23:20:00,8.501383809,NA,NA
2018-03-10 23:25:00,8.353885698,NA,NA
2018-03-10 23:30:00,7.696658241,NA,NA
2018-03-10 23:35:00,7.719522057,NA,NA
2018-03-10 23:40:00,8.472425499,NA,NA
2018-03-10 23:45:00,8.977738545,NA,0.38209533
2018-03-10 23:50:00,7.752486582,NA,0.304582372
2018-03-10 23:55:00,7.05604869,NA,NA